Date;RATE_Styrränta;Novotek_Open;OMX_Close 
2019-01-02 00:00:00;-0,50;28,60;1,405.85
2019-01-03 00:00:00;-0,50;28,00;1,393.52
2019-01-04 00:00:00;-0,50;29,30;1,435.29
2019-01-07 00:00:00;-0,50;29,10;1,439.93
2019-01-08 00:00:00;-0,50;29,20;1,457.47
2019-01-09 00:00:00;-0,25;28,90;1,470.51
2019-01-10 00:00:00;-0,25;29,00;1,470.69
2019-01-11 00:00:00;-0,25;29,50;1,465.43
2019-01-14 00:00:00;-0,25;29,20;1,458.13
2019-01-15 00:00:00;-0,25;28,90;1,455.48
2019-01-16 00:00:00;-0,25;28,80;1,468.85
2019-01-17 00:00:00;-0,25;28,60;1,473.89
2019-01-18 00:00:00;-0,25;29,50;1,499.79
2019-01-21 00:00:00;-0,25;29,60;1,493.76
2019-01-22 00:00:00;-0,25;29,70;1,486.32
2019-01-23 00:00:00;-0,25;29,40;1,478.72
2019-01-24 00:00:00;-0,25;29,50;1,488.40
2019-01-25 00:00:00;-0,25;29,20;1,501.12
2019-01-28 00:00:00;-0,25;28,90;1,491.01
2019-01-29 00:00:00;-0,25;28,20;1,502.72
2019-01-30 00:00:00;-0,25;28,00;1,509.50
2019-01-31 00:00:00;-0,25;27,90;1,515.42
2019-02-01 00:00:00;-0,25;28,20;1,525.69
2019-02-04 00:00:00;-0,25;28,60;1,527.19
2019-02-05 00:00:00;-0,25;28,30;1,542.49
2019-02-06 00:00:00;-0,25;29,20;1,551.15
2019-02-07 00:00:00;-0,25;28,60;1,529.28
2019-02-08 00:00:00;-0,25;28,50;1,527.17
2019-02-11 00:00:00;-0,25;28,00;1,542.33
2019-02-12 00:00:00;-0,25;29,40;1,549.41
2019-02-13 00:00:00;-0,25;31,60;1,558.58
2019-02-14 00:00:00;-0,25;31,90;1,562.36
2019-02-15 00:00:00;-0,25;29,50;1,583.82
2019-02-18 00:00:00;-0,25;31,00;1,583.86
2019-02-19 00:00:00;-0,25;32,00;1,587.22
2019-02-20 00:00:00;-0,25;32,30;1,588.61
2019-02-21 00:00:00;-0,25;32,40;1,572.65
2019-02-22 00:00:00;-0,25;31,90;1,588.83
2019-02-25 00:00:00;-0,25;32,20;1,586.55
2019-02-26 00:00:00;-0,25;32,50;1,583.95
2019-02-27 00:00:00;-0,25;32,90;1,576.55
2019-02-28 00:00:00;-0,25;32,70;1,572.68
2019-03-01 00:00:00;-0,25;32,20;1,580.22
2019-03-04 00:00:00;-0,25;33,70;1,587.79
2019-03-05 00:00:00;-0,25;34,50;1,587.97
2019-03-06 00:00:00;-0,25;34,30;1,572.63
2019-03-07 00:00:00;-0,25;34,00;1,558.91
2019-03-08 00:00:00;-0,25;33,80;1,558.63
2019-03-11 00:00:00;-0,25;33,20;1,569.93
2019-03-12 00:00:00;-0,25;32,40;1,565.56
2019-03-13 00:00:00;-0,25;31,60;1,572.80
2019-03-14 00:00:00;-0,25;30,80;1,590.76
2019-03-15 00:00:00;-0,25;31,40;1,595.76
2019-03-18 00:00:00;-0,25;31,70;1,605.01
2019-03-19 00:00:00;-0,25;32,80;1,615.14
2019-03-20 00:00:00;-0,25;33,60;1,605.99
2019-03-21 00:00:00;-0,25;32,90;1,605.03
2019-03-22 00:00:00;-0,25;32,60;1,576.87
2019-03-25 00:00:00;-0,25;32,00;1,573.66
2019-03-26 00:00:00;-0,25;33,00;1,574.16
2019-03-27 00:00:00;-0,25;32,10;1,565.85
2019-03-28 00:00:00;-0,25;33,00;1,559.32
2019-03-29 00:00:00;-0,25;32,40;1,553.42
2019-04-01 00:00:00;-0,25;34,00;1,580.33
2019-04-02 00:00:00;-0,25;34,90;1,593.95
2019-04-03 00:00:00;-0,25;33,10;1,622.38
2019-04-04 00:00:00;-0,25;33,10;1,616.24
2019-04-05 00:00:00;-0,25;33,30;1,622.27
2019-04-08 00:00:00;-0,25;33,40;1,624.52
2019-04-09 00:00:00;-0,25;33,50;1,616.56
2019-04-10 00:00:00;-0,25;33,10;1,628.55
2019-04-11 00:00:00;-0,25;33,60;1,627.03
2019-04-12 00:00:00;-0,25;33,40;1,641.21
2019-04-15 00:00:00;-0,25;33,50;1,642.63
2019-04-16 00:00:00;-0,25;34,00;1,647.52
2019-04-17 00:00:00;-0,25;33,80;1,660.14
2019-04-18 00:00:00;-0,25;33,80;1,670.74
2019-04-23 00:00:00;-0,25;33,70;1,672.18
2019-04-24 00:00:00;-0,25;33,90;1,680.72
2019-04-25 00:00:00;-0,25;33,40;1,689.42
2019-04-26 00:00:00;-0,25;33,10;1,689.04
2019-04-29 00:00:00;-0,25;34,00;1,693.31
2019-04-30 00:00:00;-0,25;33,20;1,676.14
2019-05-02 00:00:00;-0,25;32,10;1,665.45
2019-05-03 00:00:00;-0,25;33,00;1,672.33
2019-05-06 00:00:00;-0,25;32,40;1,649.22
2019-05-07 00:00:00;-0,25;33,00;1,617.85
2019-05-08 00:00:00;-0,25;32,00;1,623.37
2019-05-09 00:00:00;-0,25;32,10;1,596.69
2019-05-10 00:00:00;-0,25;32,20;1,603.37
2019-05-13 00:00:00;-0,25;31,90;1,573.84
2019-05-14 00:00:00;-0,25;30,60;1,590.82
2019-05-15 00:00:00;-0,25;31,00;1,593.32
2019-05-16 00:00:00;-0,25;31,90;1,615.38
2019-05-17 00:00:00;-0,25;31,80;1,606.86
2019-05-20 00:00:00;-0,25;31,60;1,588.90
2019-05-21 00:00:00;-0,25;31,00;1,602.91
2019-05-22 00:00:00;-0,25;31,20;1,595.64
2019-05-23 00:00:00;-0,25;31,10;1,561.17
2019-05-24 00:00:00;-0,25;31,20;1,571.52
2019-05-27 00:00:00;-0,25;31,00;1,568.23
2019-05-28 00:00:00;-0,25;31,80;1,565.12
2019-05-29 00:00:00;-0,25;31,80;1,538.75
2019-05-31 00:00:00;-0,25;31,90;1,510.46
2019-06-03 00:00:00;-0,25;33,80;1,518.23
2019-06-04 00:00:00;-0,25;30,90;1,537.31
2019-06-05 00:00:00;-0,25;31,00;1,542.00
2019-06-07 00:00:00;-0,25;31,40;1,566.14
2019-06-10 00:00:00;-0,25;31,40;1,566.14
2019-06-11 00:00:00;-0,25;31,90;1,593.36
2019-06-12 00:00:00;-0,25;31,40;1,593.60
2019-06-13 00:00:00;-0,25;32,00;1,598.12
2019-06-14 00:00:00;-0,25;32,10;1,589.60
2019-06-17 00:00:00;-0,25;32,10;1,589.60
2019-06-18 00:00:00;-0,25;30,50;1,609.43
2019-06-19 00:00:00;-0,25;31,50;1,612.40
2019-06-20 00:00:00;-0,25;31,30;1,628.29
2019-06-24 00:00:00;-0,25;31,60;1,610.94
2019-06-25 00:00:00;-0,25;31,10;1,607.29
2019-06-26 00:00:00;-0,25;31,60;1,604.23
2019-06-27 00:00:00;-0,25;30,90;1,616.94
2019-06-28 00:00:00;-0,25;30,70;1,622.43
2019-07-01 00:00:00;-0,25;29,20;1,642.00
2019-07-02 00:00:00;-0,25;30,50;1,647.02
2019-07-03 00:00:00;-0,25;30,10;1,648.84
2019-07-04 00:00:00;-0,25;30,40;1,652.25
2019-07-05 00:00:00;-0,25;30,00;1,634.94
2019-07-08 00:00:00;-0,25;30,50;1,642.07
2019-07-09 00:00:00;-0,25;30,00;1,630.88
2019-07-10 00:00:00;-0,25;30,10;1,622.45
2019-07-11 00:00:00;-0,25;30,00;1,613.21
2019-07-12 00:00:00;-0,25;30,50;1,625.62
2019-07-15 00:00:00;-0,25;30,50;1,632.91
2019-07-16 00:00:00;-0,25;29,80;1,630.57
2019-07-17 00:00:00;-0,25;29,70;1,598.06
2019-07-18 00:00:00;-0,25;29,60;1,577.41
2019-07-19 00:00:00;-0,25;29,40;1,605.42
2019-07-22 00:00:00;-0,25;29,10;1,600.88
2019-07-23 00:00:00;-0,25;29,70;1,624.77
2019-07-24 00:00:00;-0,25;29,80;1,613.06
2019-07-25 00:00:00;-0,25;29,30;1,607.20
2019-07-26 00:00:00;-0,25;29,40;1,610.64
2019-07-29 00:00:00;-0,25;29,60;1,614.30
2019-07-30 00:00:00;-0,25;30,00;1,600.26
2019-07-31 00:00:00;-0,25;29,70;1,599.78
2019-08-01 00:00:00;-0,25;31,10;1,612.91
2019-08-02 00:00:00;-0,25;31,20;1,568.70
2019-08-05 00:00:00;-0,25;31,20;1,568.70
2019-08-06 00:00:00;-0,25;30,60;1,523.03
2019-08-07 00:00:00;-0,25;31,50;1,528.19
2019-08-08 00:00:00;-0,25;31,10;1,550.62
2019-08-09 00:00:00;-0,25;31,90;1,531.52
2019-08-12 00:00:00;-0,25;30,40;1,533.06
2019-08-13 00:00:00;-0,25;30,90;1,543.36
2019-08-14 00:00:00;-0,25;30,40;1,500.06
2019-08-15 00:00:00;-0,25;28,80;1,495.71
2019-08-16 00:00:00;-0,25;30,90;1,519.41
2019-08-19 00:00:00;-0,25;30,50;1,538.97
2019-08-20 00:00:00;-0,25;30,00;1,534.34
2019-08-21 00:00:00;-0,25;30,90;1,543.47
2019-08-22 00:00:00;-0,25;30,00;1,535.51
2019-08-23 00:00:00;-0,25;29,90;1,522.85
2019-08-26 00:00:00;-0,25;30,70;1,520.85
2019-08-27 00:00:00;-0,25;30,50;1,530.81
2019-08-28 00:00:00;-0,25;30,40;1,529.13
2019-08-29 00:00:00;-0,25;30,30;1,558.74
2019-08-30 00:00:00;-0,25;30,10;1,576.98
2019-09-02 00:00:00;-0,25;30,00;1,570.19
2019-09-03 00:00:00;-0,25;30,30;1,568.66
2019-09-04 00:00:00;-0,25;29,90;1,581.28
2019-09-05 00:00:00;-0,25;29,40;1,597.34
2019-09-06 00:00:00;-0,25;29,60;1,601.95
2019-09-09 00:00:00;-0,25;28,70;1,610.70
2019-09-10 00:00:00;-0,25;30,10;1,624.98
2019-09-11 00:00:00;-0,25;30,00;1,637.62
2019-09-12 00:00:00;-0,25;30,60;1,651.45
2019-09-13 00:00:00;-0,25;30,30;1,665.35
2019-09-16 00:00:00;-0,25;31,10;1,655.01
2019-09-17 00:00:00;-0,25;31,40;1,649.33
2019-09-18 00:00:00;-0,25;31,80;1,655.11
2019-09-19 00:00:00;-0,25;31,70;1,664.64
2019-09-20 00:00:00;-0,25;31,50;1,666.89
2019-09-23 00:00:00;-0,25;31,50;1,637.66
2019-09-24 00:00:00;-0,25;31,20;1,633.09
2019-09-25 00:00:00;-0,25;31,30;1,620.67
2019-09-26 00:00:00;-0,25;31,30;1,631.61
2019-09-27 00:00:00;-0,25;32,00;1,646.60
2019-09-30 00:00:00;-0,25;31,90;1,647.67
2019-10-01 00:00:00;-0,25;31,40;1,635.64
2019-10-02 00:00:00;-0,25;31,00;1,593.32
2019-10-03 00:00:00;-0,25;31,50;1,588.41
2019-10-04 00:00:00;-0,25;31,00;1,593.98
2019-10-07 00:00:00;-0,25;31,20;1,617.99
2019-10-08 00:00:00;-0,25;31,60;1,605.69
2019-10-09 00:00:00;-0,25;31,00;1,620.00
2019-10-10 00:00:00;-0,25;31,40;1,630.03
2019-10-11 00:00:00;-0,25;31,10;1,653.28
2019-10-14 00:00:00;-0,25;31,50;1,652.58
2019-10-15 00:00:00;-0,25;31,30;1,670.21
2019-10-16 00:00:00;-0,25;31,70;1,677.19
2019-10-17 00:00:00;-0,25;31,50;1,682.87
2019-10-18 00:00:00;-0,25;31,20;1,697.91
2019-10-21 00:00:00;-0,25;31,70;1,724.36
2019-10-22 00:00:00;-0,25;31,90;1,728.22
2019-10-23 00:00:00;-0,25;31,90;1,725.87
2019-10-24 00:00:00;-0,25;31,80;1,736.98
2019-10-25 00:00:00;-0,25;31,80;1,747.30
2019-10-28 00:00:00;-0,25;31,80;1,760.31
2019-10-29 00:00:00;-0,25;31,90;1,742.32
2019-10-30 00:00:00;-0,25;31,60;1,746.81
2019-10-31 00:00:00;-0,25;30,40;1,733.68
2019-11-01 00:00:00;-0,25;32,10;1,737.51
2019-11-04 00:00:00;-0,25;33,00;1,771.03
2019-11-05 00:00:00;-0,25;32,70;1,769.53
2019-11-06 00:00:00;-0,25;32,90;1,762.79
2019-11-07 00:00:00;-0,25;33,60;1,763.81
2019-11-08 00:00:00;-0,25;33,00;1,772.56
2019-11-11 00:00:00;-0,25;34,10;1,763.50
2019-11-12 00:00:00;-0,25;34,40;1,774.72
2019-11-13 00:00:00;-0,25;34,70;1,766.60
2019-11-14 00:00:00;-0,25;34,80;1,757.42
2019-11-15 00:00:00;-0,25;35,80;1,756.86
2019-11-18 00:00:00;-0,25;35,10;1,745.17
2019-11-19 00:00:00;-0,25;34,80;1,743.25
2019-11-20 00:00:00;-0,25;34,50;1,729.06
2019-11-21 00:00:00;-0,25;34,80;1,720.11
2019-11-22 00:00:00;-0,25;34,00;1,724.19
2019-11-25 00:00:00;-0,25;34,00;1,742.04
2019-11-26 00:00:00;-0,25;33,60;1,740.99
2019-11-27 00:00:00;-0,25;33,60;1,737.80
2019-11-28 00:00:00;-0,25;33,90;1,735.30
2019-11-29 00:00:00;-0,25;33,50;1,730.25
2019-12-02 00:00:00;-0,25;34,40;1,706.82
2019-12-03 00:00:00;-0,25;34,40;1,697.68
2019-12-04 00:00:00;-0,25;33,30;1,725.60
2019-12-05 00:00:00;-0,25;34,40;1,723.63
2019-12-06 00:00:00;-0,25;34,40;1,742.61
2019-12-09 00:00:00;-0,25;34,90;1,743.31
2019-12-10 00:00:00;-0,25;34,90;1,735.51
2019-12-11 00:00:00;-0,25;35,00;1,741.62
2019-12-12 00:00:00;-0,25;35,40;1,758.24
2019-12-13 00:00:00;-0,25;36,40;1,770.12
2019-12-16 00:00:00;-0,25;36,00;1,787.66
2019-12-17 00:00:00;-0,25;36,20;1,791.93
2019-12-18 00:00:00;-0,25;35,60;1,787.96
2019-12-19 00:00:00;-0,25;36,00;1,783.29
2019-12-20 00:00:00;-0,25;36,00;1,794.80
2019-12-23 00:00:00;-0,25;36,00;1,795.66
2019-12-27 00:00:00;-0,25;36,00;1,798.04
2019-12-30 00:00:00;-0,25;36,40;1,771.85
2020-01-02 00:00:00;-0,25;35,70;1,808.63
2020-01-03 00:00:00;-0,25;37,50;1,785.23
2020-01-07 00:00:00;-0,25;36,20;1,796.85
2020-01-08 00:00:00;0,00;36,00;1,795.41
2020-01-09 00:00:00;0,00;36,70;1,796.74
2020-01-10 00:00:00;0,00;36,20;1,784.97
2020-01-13 00:00:00;0,00;37,00;1,790.51
2020-01-14 00:00:00;0,00;36,30;1,792.90
2020-01-15 00:00:00;0,00;37,70;1,787.29
2020-01-16 00:00:00;0,00;38,00;1,812.30
2020-01-17 00:00:00;0,00;38,00;1,825.94
2020-01-20 00:00:00;0,00;38,90;1,821.29
2020-01-21 00:00:00;0,00;38,90;1,825.62
2020-01-22 00:00:00;0,00;38,40;1,811.76
2020-01-23 00:00:00;0,00;38,60;1,795.43
2020-01-24 00:00:00;0,00;37,70;1,812.85
2020-01-27 00:00:00;0,00;39,50;1,771.48
2020-01-28 00:00:00;0,00;38,40;1,786.35
2020-01-29 00:00:00;0,00;39,00;1,791.67
2020-01-30 00:00:00;0,00;38,90;1,787.96
2020-01-31 00:00:00;0,00;39,00;1,783.26
2020-02-03 00:00:00;0,00;37,70;1,782.91
2020-02-04 00:00:00;0,00;36,70;1,821.04
2020-02-05 00:00:00;0,00;37,90;1,847.35
2020-02-06 00:00:00;0,00;38,80;1,851.95
2020-02-07 00:00:00;0,00;39,50;1,849.86
2020-02-10 00:00:00;0,00;39,50;1,858.00
2020-02-11 00:00:00;0,00;39,10;1,884.13
2020-02-12 00:00:00;0,00;37,90;1,889.75
2020-02-13 00:00:00;0,00;37,40;1,883.02
2020-02-14 00:00:00;0,00;38,10;1,885.62
2020-02-17 00:00:00;0,00;37,40;1,888.35
2020-02-18 00:00:00;0,00;37,50;1,878.79
2020-02-19 00:00:00;0,00;37,50;1,900.28
2020-02-20 00:00:00;0,00;38,40;1,898.93
2020-02-21 00:00:00;0,00;39,50;1,879.10
2020-02-24 00:00:00;0,00;39,00;1,798.20
2020-02-25 00:00:00;0,00;38,30;1,769.14
2020-02-26 00:00:00;0,00;36,10;1,782.10
2020-02-27 00:00:00;0,00;36,90;1,721.59
2020-02-28 00:00:00;0,00;35,50;1,668.84
2020-03-02 00:00:00;0,00;33,60;1,679.13
2020-03-03 00:00:00;0,00;35,10;1,694.56
2020-03-04 00:00:00;0,00;36,10;1,704.20
2020-03-05 00:00:00;0,00;35,40;1,683.19
2020-03-06 00:00:00;0,00;35,50;1,629.00
2020-03-09 00:00:00;0,00;33,80;1,542.44
2020-03-10 00:00:00;0,00;33,60;1,533.79
2020-03-11 00:00:00;0,00;33,50;1,511.96
2020-03-12 00:00:00;0,00;30,40;1,352.13
2020-03-13 00:00:00;0,00;29,50;1,376.46
2020-03-16 00:00:00;0,00;26,00;1,329.16
2020-03-17 00:00:00;0,00;24,80;1,372.79
2020-03-18 00:00:00;0,00;24,00;1,337.24
2020-03-19 00:00:00;0,00;23,80;1,380.58
2020-03-20 00:00:00;0,00;24,30;1,355.54
2020-03-23 00:00:00;0,00;24,00;1,292.27
2020-03-24 00:00:00;0,00;22,80;1,383.88
2020-03-25 00:00:00;0,00;23,90;1,446.56
2020-03-26 00:00:00;0,00;24,00;1,470.89
2020-03-27 00:00:00;0,00;24,90;1,419.29
2020-03-30 00:00:00;0,00;25,00;1,449.20
2020-03-31 00:00:00;0,00;24,50;1,482.43
2020-04-01 00:00:00;0,00;25,00;1,425.99
2020-04-02 00:00:00;0,00;24,60;1,427.19
2020-04-03 00:00:00;0,00;26,20;1,404.59
2020-04-06 00:00:00;0,00;24,60;1,461.23
2020-04-07 00:00:00;0,00;26,10;1,510.85
2020-04-08 00:00:00;0,00;26,20;1,499.51
2020-04-09 00:00:00;0,00;29,60;1,498.76
2020-04-14 00:00:00;0,00;29,00;1,535.84
2020-04-15 00:00:00;0,00;29,60;1,480.60
2020-04-16 00:00:00;0,00;28,60;1,483.79
2020-04-17 00:00:00;0,00;28,00;1,534.55
2020-04-20 00:00:00;0,00;28,40;1,541.17
2020-04-21 00:00:00;0,00;27,70;1,493.45
2020-04-22 00:00:00;0,00;29,40;1,527.63
2020-04-23 00:00:00;0,00;31,10;1,541.89
2020-04-24 00:00:00;0,00;31,60;1,514.13
2020-04-27 00:00:00;0,00;32,30;1,539.51
2020-04-28 00:00:00;0,00;30,30;1,568.50
2020-04-29 00:00:00;0,00;31,70;1,600.86
2020-04-30 00:00:00;0,00;32,20;1,577.92
2020-05-04 00:00:00;0,00;30,20;1,505.21
2020-05-05 00:00:00;0,00;29,00;1,538.18
2020-05-06 00:00:00;0,00;29,00;1,521.40
2020-05-07 00:00:00;0,00;31,80;1,537.74
2020-05-08 00:00:00;0,00;30,50;1,563.19
2020-05-11 00:00:00;0,00;29,30;1,556.49
2020-05-12 00:00:00;0,00;29,20;1,570.03
2020-05-13 00:00:00;0,00;28,70;1,522.64
2020-05-14 00:00:00;0,00;28,80;1,476.52
2020-05-15 00:00:00;0,00;29,30;1,493.62
2020-05-18 00:00:00;0,00;28,10;1,566.16
2020-05-19 00:00:00;0,00;28,40;1,560.28
2020-05-20 00:00:00;0,00;29,20;1,556.44
2020-05-22 00:00:00;0,00;28,00;1,555.49
2020-05-25 00:00:00;0,00;29,40;1,588.60
2020-05-26 00:00:00;0,00;29,40;1,606.65
2020-05-27 00:00:00;0,00;29,70;1,623.39
2020-05-28 00:00:00;0,00;30,40;1,657.58
2020-05-29 00:00:00;0,00;30,10;1,629.76
2020-06-01 00:00:00;0,00;29,90;1,649.38
2020-06-02 00:00:00;0,00;30,50;1,666.98
2020-06-03 00:00:00;0,00;30,30;1,709.96
2020-06-04 00:00:00;0,00;30,70;1,700.48
2020-06-05 00:00:00;0,00;30,10;1,730.51
2020-06-08 00:00:00;0,00;29,90;1,717.66
2020-06-09 00:00:00;0,00;30,40;1,696.70
2020-06-10 00:00:00;0,00;30,00;1,692.32
2020-06-11 00:00:00;0,00;29,60;1,609.06
2020-06-12 00:00:00;0,00;28,00;1,609.07
2020-06-15 00:00:00;0,00;29,60;1,616.14
2020-06-16 00:00:00;0,00;29,60;1,671.84
2020-06-17 00:00:00;0,00;28,90;1,677.53
2020-06-18 00:00:00;0,00;28,30;1,667.93
2020-06-22 00:00:00;0,00;28,10;1,657.71
2020-06-23 00:00:00;0,00;28,50;1,683.36
2020-06-24 00:00:00;0,00;27,80;1,642.91
2020-06-25 00:00:00;0,00;27,70;1,660.96
2020-06-26 00:00:00;0,00;27,10;1,657.66
2020-06-29 00:00:00;0,00;27,80;1,671.53
2020-06-30 00:00:00;0,00;27,80;1,664.38
2020-07-01 00:00:00;0,00;28,10;1,675.04
2020-07-02 00:00:00;0,00;28,60;1,703.82
2020-07-03 00:00:00;0,00;28,50;1,695.26
2020-07-06 00:00:00;0,00;28,40;1,730.88
2020-07-07 00:00:00;0,00;29,10;1,720.45
2020-07-08 00:00:00;0,00;31,80;1,712.53
2020-07-09 00:00:00;0,00;32,50;1,697.84
2020-07-10 00:00:00;0,00;32,20;1,711.62
2020-07-13 00:00:00;0,00;34,00;1,742.73
2020-07-14 00:00:00;0,00;33,90;1,738.60
2020-07-15 00:00:00;0,00;32,60;1,767.85
2020-07-16 00:00:00;0,00;33,20;1,754.55
2020-07-17 00:00:00;0,00;33,40;1,770.15
2020-07-20 00:00:00;0,00;34,20;1,784.54
2020-07-21 00:00:00;0,00;34,90;1,775.39
2020-07-22 00:00:00;0,00;34,00;1,779.85
2020-07-23 00:00:00;0,00;33,60;1,781.10
2020-07-24 00:00:00;0,00;33,00;1,750.24
2020-07-27 00:00:00;0,00;32,10;1,760.31
2020-07-28 00:00:00;0,00;32,90;1,754.25
2020-07-29 00:00:00;0,00;33,00;1,760.59
2020-07-30 00:00:00;0,00;32,20;1,720.28
2020-07-31 00:00:00;0,00;32,70;1,707.35
2020-08-03 00:00:00;0,00;32,40;1,746.32
2020-08-04 00:00:00;0,00;32,00;1,734.25
2020-08-05 00:00:00;0,00;32,40;1,745.49
2020-08-06 00:00:00;0,00;31,70;1,739.14
2020-08-07 00:00:00;0,00;31,80;1,740.46
2020-08-10 00:00:00;0,00;31,70;1,748.91
2020-08-11 00:00:00;0,00;33,00;1,786.28
2020-08-12 00:00:00;0,00;32,20;1,788.99
2020-08-13 00:00:00;0,00;33,30;1,786.80
2020-08-14 00:00:00;0,00;32,30;1,754.20
2020-08-17 00:00:00;0,00;31,90;1,773.53
2020-08-18 00:00:00;0,00;33,00;1,760.09
2020-08-19 00:00:00;0,00;36,20;1,775.24
2020-08-20 00:00:00;0,00;36,50;1,751.93
2020-08-21 00:00:00;0,00;36,70;1,753.13
2020-08-24 00:00:00;0,00;37,50;1,788.40
2020-08-25 00:00:00;0,00;38,00;1,786.27
2020-08-26 00:00:00;0,00;37,80;1,798.31
2020-08-27 00:00:00;0,00;39,50;1,793.97
2020-08-28 00:00:00;0,00;38,10;1,776.57
2020-08-31 00:00:00;0,00;38,10;1,766.33
2020-09-01 00:00:00;0,00;40,00;1,769.44
2020-09-02 00:00:00;0,00;39,90;1,782.86
2020-09-03 00:00:00;0,00;40,00;1,760.61
2020-09-04 00:00:00;0,00;39,30;1,761.99
2020-09-07 00:00:00;0,00;38,50;1,799.26
2020-09-08 00:00:00;0,00;38,00;1,782.60
2020-09-09 00:00:00;0,00;38,40;1,812.58
2020-09-10 00:00:00;0,00;39,40;1,802.85
2020-09-11 00:00:00;0,00;39,00;1,801.46
2020-09-14 00:00:00;0,00;38,80;1,802.69
2020-09-15 00:00:00;0,00;38,30;1,818.80
2020-09-16 00:00:00;0,00;39,00;1,838.26
2020-09-17 00:00:00;0,00;39,20;1,833.75
2020-09-18 00:00:00;0,00;39,00;1,835.36
2020-09-21 00:00:00;0,00;39,50;1,770.61
2020-09-22 00:00:00;0,00;38,90;1,781.92
2020-09-23 00:00:00;0,00;40,00;1,795.64
2020-09-24 00:00:00;0,00;39,20;1,777.51
2020-09-25 00:00:00;0,00;39,10;1,783.87
2020-09-28 00:00:00;0,00;39,80;1,834.64
2020-09-29 00:00:00;0,00;39,90;1,836.60
2020-09-30 00:00:00;0,00;40,40;1,829.40
2020-10-01 00:00:00;0,00;41,10;1,830.04
2020-10-02 00:00:00;0,00;40,60;1,813.69
2020-10-05 00:00:00;0,00;40,90;1,839.68
2020-10-06 00:00:00;0,00;40,50;1,839.15
2020-10-07 00:00:00;0,00;40,40;1,839.22
2020-10-08 00:00:00;0,00;40,10;1,841.40
2020-10-09 00:00:00;0,00;40,10;1,840.07
2020-10-12 00:00:00;0,00;40,00;1,855.39
2020-10-13 00:00:00;0,00;39,80;1,833.46
2020-10-14 00:00:00;0,00;40,10;1,840.85
2020-10-15 00:00:00;0,00;40,00;1,812.95
2020-10-16 00:00:00;0,00;39,60;1,835.30
2020-10-19 00:00:00;0,00;42,50;1,841.59
2020-10-20 00:00:00;0,00;41,50;1,841.59
2020-10-21 00:00:00;0,00;41,50;1,820.72
2020-10-22 00:00:00;0,00;41,30;1,816.29
2020-10-23 00:00:00;0,00;40,40;1,819.94
2020-10-26 00:00:00;0,00;41,00;1,775.01
2020-10-27 00:00:00;0,00;41,60;1,764.01
2020-10-28 00:00:00;0,00;39,80;1,722.66
2020-10-29 00:00:00;0,00;35,60;1,716.03
2020-10-30 00:00:00;0,00;36,90;1,717.62
2020-11-02 00:00:00;0,00;37,10;1,748.42
2020-11-03 00:00:00;0,00;37,10;1,772.27
2020-11-04 00:00:00;0,00;38,20;1,795.53
2020-11-05 00:00:00;0,00;39,30;1,822.21
2020-11-06 00:00:00;0,00;38,90;1,819.52
2020-11-09 00:00:00;0,00;39,50;1,888.74
2020-11-10 00:00:00;0,00;39,20;1,885.54
2020-11-11 00:00:00;0,00;38,30;1,902.89
2020-11-12 00:00:00;0,00;38,20;1,892.41
2020-11-13 00:00:00;0,00;38,10;1,897.30
2020-11-16 00:00:00;0,00;37,80;1,918.46
2020-11-17 00:00:00;0,00;37,80;1,922.20
2020-11-18 00:00:00;0,00;37,40;1,922.53
2020-11-19 00:00:00;0,00;37,40;1,915.40
2020-11-20 00:00:00;0,00;37,80;1,926.47
2020-11-23 00:00:00;0,00;37,70;1,921.77
2020-11-24 00:00:00;0,00;37,50;1,938.14
2020-11-25 00:00:00;0,00;37,80;1,931.43
2020-11-26 00:00:00;0,00;38,50;1,931.97
2020-11-27 00:00:00;0,00;39,00;1,937.09
2020-11-30 00:00:00;0,00;38,80;1,917.54
2020-12-01 00:00:00;0,00;39,90;1,924.00
2020-12-02 00:00:00;0,00;39,50;1,918.99
2020-12-03 00:00:00;0,00;39,50;1,912.18
2020-12-04 00:00:00;0,00;40,00;1,916.94
2020-12-07 00:00:00;0,00;39,40;1,907.61
2020-12-08 00:00:00;0,00;39,80;1,925.50
2020-12-09 00:00:00;0,00;41,70;1,926.42
2020-12-10 00:00:00;0,00;43,40;1,906.82
2020-12-11 00:00:00;0,00;43,50;1,891.22
2020-12-14 00:00:00;0,00;41,90;1,890.65
2020-12-15 00:00:00;0,00;42,60;1,889.84
2020-12-16 00:00:00;0,00;43,50;1,892.26
2020-12-17 00:00:00;0,00;43,50;1,885.18
2020-12-18 00:00:00;0,00;43,70;1,886.88
2020-12-21 00:00:00;0,00;43,80;1,845.11
2020-12-22 00:00:00;0,00;42,60;1,863.28
2020-12-23 00:00:00;0,00;42,50;1,867.99
2020-12-28 00:00:00;0,00;43,60;1,886.38
2020-12-29 00:00:00;0,00;44,10;1,893.06
2020-12-30 00:00:00;0,00;43,60;1,874.74
2021-01-04 00:00:00;0,00;44,80;1,895.49
2021-01-05 00:00:00;0,00;44,90;1,892.35
2021-01-07 00:00:00;0,00;45,00;1,939.49
2021-01-08 00:00:00;0,00;45,00;1,949.37
2021-01-11 00:00:00;0,00;44,50;1,941.49
2021-01-12 00:00:00;0,00;44,40;1,958.62
2021-01-13 00:00:00;0,00;44,90;1,962.26
2021-01-14 00:00:00;0,00;45,00;1,972.22
2021-01-15 00:00:00;0,00;44,90;1,954.71
2021-01-18 00:00:00;0,00;48,50;1,962.43
2021-01-19 00:00:00;0,00;47,40;1,957.85
2021-01-20 00:00:00;0,00;47,90;1,978.37
2021-01-21 00:00:00;0,00;47,00;1,987.26
2021-01-22 00:00:00;0,00;47,40;1,986.24
2021-01-25 00:00:00;0,00;48,00;1,975.06
2021-01-26 00:00:00;0,00;47,30;1,991.66
2021-01-27 00:00:00;0,00;46,10;1,976.20
2021-01-28 00:00:00;0,00;45,50;1,971.40
2021-01-29 00:00:00;0,00;44,30;1,948.79
2021-02-01 00:00:00;0,00;44,20;1,977.81
2021-02-02 00:00:00;0,00;44,80;1,988.49
2021-02-03 00:00:00;0,00;44,10;1,997.65
2021-02-04 00:00:00;0,00;46,10;2,006.33
2021-02-05 00:00:00;0,00;46,90;1,989.34
2021-02-08 00:00:00;0,00;47,20;2,002.52
2021-02-09 00:00:00;0,00;47,80;1,999.19
2021-02-10 00:00:00;0,00;47,50;1,998.06
2021-02-11 00:00:00;0,00;47,60;2,010.07
2021-02-12 00:00:00;0,00;47,80;2,024.72
2021-02-15 00:00:00;0,00;47,00;2,024.72
2021-02-16 00:00:00;0,00;46,50;2,038.07
2021-02-17 00:00:00;0,00;46,50;2,017.26
2021-02-18 00:00:00;0,00;46,00;2,015.81
2021-02-19 00:00:00;0,00;46,60;2,036.97
2021-02-22 00:00:00;0,00;47,40;2,031.04
2021-02-23 00:00:00;0,00;47,00;2,016.83
2021-02-24 00:00:00;0,00;45,40;2,037.25
2021-02-25 00:00:00;0,00;45,20;2,038.93
2021-02-26 00:00:00;0,00;44,70;2,009.90
2021-03-01 00:00:00;0,00;45,50;2,054.67
2021-03-02 00:00:00;0,00;45,00;2,067.10
2021-03-03 00:00:00;0,00;47,50;2,073.78
2021-03-04 00:00:00;0,00;47,00;2,065.15
2021-03-05 00:00:00;0,00;48,00;2,048.57
2021-03-08 00:00:00;0,00;48,80;2,103.10
2021-03-09 00:00:00;0,00;49,10;2,124.85
2021-03-10 00:00:00;0,00;48,70;2,134.46
2021-03-11 00:00:00;0,00;47,70;2,165.66
2021-03-12 00:00:00;0,00;48,80;2,168.96
2021-03-15 00:00:00;0,00;49,40;2,161.83
2021-03-16 00:00:00;0,00;50,60;2,180.14
2021-03-17 00:00:00;0,00;53,40;2,172.86
2021-03-18 00:00:00;0,00;52,00;2,179.99
2021-03-19 00:00:00;0,00;53,40;2,169.18
2021-03-22 00:00:00;0,00;52,40;2,174.63
2021-03-23 00:00:00;0,00;53,00;2,168.12
2021-03-24 00:00:00;0,00;52,60;2,184.60
2021-03-25 00:00:00;0,00;50,00;2,173.24
2021-03-26 00:00:00;0,00;53,20;2,198.80
2021-03-29 00:00:00;0,00;54,00;2,182.21
2021-03-30 00:00:00;0,00;56,00;2,205.41
2021-03-31 00:00:00;0,00;60,00;2,192.86
2021-04-01 00:00:00;0,00;57,60;2,202.61
2021-04-06 00:00:00;0,00;58,80;2,230.25
2021-04-07 00:00:00;0,00;58,40;2,229.56
2021-04-08 00:00:00;0,00;58,20;2,240.40
2021-04-09 00:00:00;0,00;59,60;2,250.40
2021-04-12 00:00:00;0,00;60,20;2,233.20
2021-04-13 00:00:00;0,00;58,20;2,247.21
2021-04-14 00:00:00;0,00;59,60;2,228.16
2021-04-15 00:00:00;0,00;60,40;2,242.98
2021-04-16 00:00:00;0,00;60,00;2,280.50
2021-04-19 00:00:00;0,00;59,60;2,257.60
2021-04-20 00:00:00;0,00;60,20;2,204.81
2021-04-21 00:00:00;0,00;59,20;2,228.29
2021-04-22 00:00:00;0,00;60,40;2,232.42
2021-04-23 00:00:00;0,00;60,80;2,240.95
2021-04-26 00:00:00;0,00;61,00;2,244.36
2021-04-27 00:00:00;0,00;57,20;2,262.84
2021-04-28 00:00:00;0,00;56,40;2,239.25
2021-04-29 00:00:00;0,00;54,00;2,232.84
2021-04-30 00:00:00;0,00;54,40;2,217.02
2021-05-03 00:00:00;0,00;57,40;2,231.59
2021-05-04 00:00:00;0,00;57,40;2,194.58
2021-05-05 00:00:00;0,00;57,20;2,255.49
2021-05-06 00:00:00;0,00;57,80;2,246.61
2021-05-07 00:00:00;0,00;52,00;2,260.13
2021-05-10 00:00:00;0,00;50,20;2,265.01
2021-05-11 00:00:00;0,00;48,60;2,193.76
2021-05-12 00:00:00;0,00;48,50;2,205.80
2021-05-14 00:00:00;0,00;50,20;2,247.88
2021-05-17 00:00:00;0,00;50,20;2,230.40
2021-05-18 00:00:00;0,00;51,00;2,249.68
2021-05-19 00:00:00;0,00;52,80;2,201.51
2021-05-20 00:00:00;0,00;52,00;2,240.28
2021-05-21 00:00:00;0,00;52,40;2,240.84
2021-05-24 00:00:00;0,00;53,60;2,245.04
2021-05-25 00:00:00;0,00;51,20;2,243.17
2021-05-26 00:00:00;0,00;53,40;2,227.07
2021-05-27 00:00:00;0,00;53,40;2,244.46
2021-05-28 00:00:00;0,00;53,80;2,255.45
2021-05-31 00:00:00;0,00;52,00;2,241.87
2021-06-01 00:00:00;0,00;51,60;2,264.53
2021-06-02 00:00:00;0,00;51,60;2,268.80
2021-06-03 00:00:00;0,00;51,00;2,273.35
2021-06-04 00:00:00;0,00;51,60;2,271.43
2021-06-07 00:00:00;0,00;51,60;2,267.71
2021-06-08 00:00:00;0,00;51,60;2,274.88
2021-06-09 00:00:00;0,00;52,60;2,272.29
2021-06-10 00:00:00;0,00;53,00;2,267.92
2021-06-11 00:00:00;0,00;53,00;2,278.60
2021-06-14 00:00:00;0,00;51,20;2,284.64
2021-06-15 00:00:00;0,00;50,60;2,280.07
2021-06-16 00:00:00;0,00;50,60;2,286.41
2021-06-17 00:00:00;0,00;50,20;2,272.81
2021-06-18 00:00:00;0,00;50,80;2,248.02
2021-06-21 00:00:00;0,00;50,00;2,265.87
2021-06-22 00:00:00;0,00;51,00;2,268.00
2021-06-23 00:00:00;0,00;52,00;2,242.24
2021-06-24 00:00:00;0,00;47,50;2,270.94
2021-06-28 00:00:00;0,00;48,40;2,256.34
2021-06-29 00:00:00;0,00;47,70;2,279.76
2021-06-30 00:00:00;0,00;47,30;2,263.13
2021-07-01 00:00:00;0,00;52,80;2,273.89
2021-07-02 00:00:00;0,00;50,00;2,288.93
2021-07-05 00:00:00;0,00;49,70;2,299.07
2021-07-06 00:00:00;0,00;49,20;2,288.70
2021-07-07 00:00:00;0,00;50,00;2,326.07
2021-07-08 00:00:00;0,00;50,00;2,289.94
2021-07-09 00:00:00;0,00;48,40;2,319.53
2021-07-12 00:00:00;0,00;51,00;2,337.73
2021-07-13 00:00:00;0,00;48,80;2,349.19
2021-07-14 00:00:00;0,00;49,20;2,356.34
2021-07-15 00:00:00;0,00;48,40;2,344.49
2021-07-16 00:00:00;0,00;47,40;2,338.80
2021-07-19 00:00:00;0,00;47,20;2,287.46
2021-07-20 00:00:00;0,00;46,10;2,303.54
2021-07-21 00:00:00;0,00;46,00;2,334.37
2021-07-22 00:00:00;0,00;48,50;2,352.35
2021-07-23 00:00:00;0,00;48,00;2,384.69
2021-07-26 00:00:00;0,00;47,60;2,387.66
2021-07-27 00:00:00;0,00;47,10;2,375.97
2021-07-28 00:00:00;0,00;46,60;2,381.89
2021-07-29 00:00:00;0,00;46,60;2,384.19
2021-07-30 00:00:00;0,00;47,00;2,369.89
2021-08-02 00:00:00;0,00;46,90;2,381.66
2021-08-03 00:00:00;0,00;48,90;2,380.14
2021-08-04 00:00:00;0,00;47,50;2,393.10
2021-08-05 00:00:00;0,00;47,30;2,393.68
2021-08-06 00:00:00;0,00;47,40;2,380.46
2021-08-09 00:00:00;0,00;47,30;2,384.76
2021-08-10 00:00:00;0,00;46,30;2,393.74
2021-08-11 00:00:00;0,00;46,60;2,401.49
2021-08-12 00:00:00;0,00;47,00;2,405.53
2021-08-13 00:00:00;0,00;46,80;2,407.04
2021-08-16 00:00:00;0,00;46,20;2,373.55
2021-08-17 00:00:00;0,00;47,00;2,383.45
2021-08-18 00:00:00;0,00;57,20;2,371.37
2021-08-19 00:00:00;0,00;56,20;2,330.30
2021-08-20 00:00:00;0,00;58,00;2,360.50
2021-08-23 00:00:00;0,00;59,00;2,371.55
2021-08-24 00:00:00;0,00;63,40;2,367.05
2021-08-25 00:00:00;0,00;62,00;2,376.16
2021-08-26 00:00:00;0,00;65,80;2,371.70
2021-08-27 00:00:00;0,00;64,20;2,373.14
2021-08-30 00:00:00;0,00;66,00;2,372.81
2021-08-31 00:00:00;0,00;67,40;2,351.25
2021-09-01 00:00:00;0,00;65,60;2,368.67
2021-09-02 00:00:00;0,00;68,00;2,388.40
2021-09-03 00:00:00;0,00;68,60;2,369.73
2021-09-06 00:00:00;0,00;70,40;2,394.26
2021-09-07 00:00:00;0,00;67,40;2,377.94
2021-09-08 00:00:00;0,00;66,00;2,347.16
2021-09-09 00:00:00;0,00;65,80;2,353.39
2021-09-10 00:00:00;0,00;64,00;2,349.67
2021-09-13 00:00:00;0,00;68,00;2,335.34
2021-09-14 00:00:00;0,00;65,40;2,341.77
2021-09-15 00:00:00;0,00;64,80;2,324.75
2021-09-16 00:00:00;0,00;63,60;2,344.03
2021-09-17 00:00:00;0,00;67,40;2,323.55
2021-09-20 00:00:00;0,00;67,40;2,272.46
2021-09-21 00:00:00;0,00;63,00;2,274.88
2021-09-22 00:00:00;0,00;63,20;2,299.15
2021-09-23 00:00:00;0,00;62,60;2,338.00
2021-09-24 00:00:00;0,00;65,00;2,313.27
2021-09-27 00:00:00;0,00;66,00;2,304.01
2021-09-28 00:00:00;0,00;66,00;2,254.02
2021-09-29 00:00:00;0,00;63,40;2,255.55
2021-09-30 00:00:00;0,00;60,00;2,259.18
2021-10-01 00:00:00;0,00;63,00;2,254.18
2021-10-04 00:00:00;0,00;63,00;2,233.30
2021-10-05 00:00:00;0,00;62,00;2,254.84
2021-10-06 00:00:00;0,00;60,00;2,221.06
2021-10-07 00:00:00;0,00;63,00;2,257.74
2021-10-08 00:00:00;0,00;62,40;2,240.22
2021-10-11 00:00:00;0,00;60,60;2,233.52
2021-10-12 00:00:00;0,00;59,20;2,251.01
2021-10-13 00:00:00;0,00;60,20;2,276.95
2021-10-14 00:00:00;0,00;61,40;2,296.77
2021-10-15 00:00:00;0,00;63,00;2,314.98
2021-10-18 00:00:00;0,00;63,40;2,311.70
2021-10-19 00:00:00;0,00;65,20;2,326.66
2021-10-20 00:00:00;0,00;66,00;2,326.25
2021-10-21 00:00:00;0,00;65,20;2,325.15
2021-10-22 00:00:00;0,00;65,40;2,348.84
2021-10-25 00:00:00;0,00;67,80;2,330.13
2021-10-26 00:00:00;0,00;68,00;2,344.20
2021-10-27 00:00:00;0,00;68,20;2,323.17
2021-10-28 00:00:00;0,00;67,00;2,313.24
2021-10-29 00:00:00;0,00;65,60;2,290.85
2021-11-01 00:00:00;0,00;65,00;2,302.26
2021-11-02 00:00:00;0,00;64,20;2,302.67
2021-11-03 00:00:00;0,00;65,40;2,317.67
2021-11-04 00:00:00;0,00;67,00;2,330.07
2021-11-05 00:00:00;0,00;68,20;2,324.90
2021-11-08 00:00:00;0,00;71,00;2,331.85
2021-11-09 00:00:00;0,00;69,60;2,327.12
2021-11-10 00:00:00;0,00;69,80;2,331.42
2021-11-11 00:00:00;0,00;67,00;2,346.46
2021-11-12 00:00:00;0,00;70,00;2,365.45
2021-11-15 00:00:00;0,00;72,40;2,374.47
2021-11-16 00:00:00;0,00;73,60;2,385.63
2021-11-17 00:00:00;0,00;75,40;2,384.10
2021-11-18 00:00:00;0,00;75,40;2,373.04
2021-11-19 00:00:00;0,00;75,00;2,373.92
2021-11-22 00:00:00;0,00;74,20;2,368.57
2021-11-23 00:00:00;0,00;70,20;2,334.31
2021-11-24 00:00:00;0,00;71,00;2,336.50
2021-11-25 00:00:00;0,00;70,00;2,335.59
2021-11-26 00:00:00;0,00;74,00;2,242.18
2021-11-29 00:00:00;0,00;72,40;2,272.27
2021-11-30 00:00:00;0,00;72,00;2,241.66
2021-12-01 00:00:00;0,00;69,40;2,290.72
2021-12-02 00:00:00;0,00;72,00;2,263.20
2021-12-03 00:00:00;0,00;68,00;2,240.83
2021-12-06 00:00:00;0,00;68,80;2,285.53
2021-12-07 00:00:00;0,00;67,20;2,334.85
2021-12-08 00:00:00;0,00;68,80;2,326.55
2021-12-09 00:00:00;0,00;68,20;2,323.89
2021-12-10 00:00:00;0,00;68,20;2,315.73
2021-12-13 00:00:00;0,00;70,40;2,310.35
2021-12-14 00:00:00;0,00;68,00;2,286.37
2021-12-15 00:00:00;0,00;66,20;2,293.46
2021-12-16 00:00:00;0,00;66,00;2,311.03
2021-12-17 00:00:00;0,00;65,60;2,305.92
2021-12-20 00:00:00;0,00;65,40;2,285.72
2021-12-21 00:00:00;0,00;65,60;2,319.52
2021-12-22 00:00:00;0,00;69,80;2,334.81
2021-12-23 00:00:00;0,00;74,00;2,385.63
2021-12-27 00:00:00;0,00;73,00;2,406.61
2021-12-28 00:00:00;0,00;74,00;2,420.47
2021-12-29 00:00:00;0,00;73,20;2,418.90
2021-12-30 00:00:00;0,00;74,80;2,419.73
2022-01-03 00:00:00;0,00;74,80;2,444.19
2022-01-04 00:00:00;0,00;77,80;2,456.17
2022-01-05 00:00:00;0,00;79,20;2,442.81
2022-01-07 00:00:00;0,00;79,00;2,400.95
2022-01-10 00:00:00;0,00;77,20;2,352.73
2022-01-11 00:00:00;0,00;69,20;2,379.19
2022-01-12 00:00:00;0,00;72,20;2,399.18
2022-01-13 00:00:00;0,00;74,60;2,397.96
2022-01-14 00:00:00;0,00;72,40;2,358.29
2022-01-17 00:00:00;0,00;73,60;2,363.12
2022-01-18 00:00:00;0,00;71,00;2,322.80
2022-01-19 00:00:00;0,00;69,60;2,332.96
2022-01-20 00:00:00;0,00;74,80;2,354.51
2022-01-21 00:00:00;0,00;72,00;2,314.06
2022-01-24 00:00:00;0,00;69,00;2,223.99
2022-01-25 00:00:00;0,00;67,60;2,239.72
2022-01-26 00:00:00;0,00;65,40;2,286.11
2022-01-27 00:00:00;0,00;73,00;2,270.12
2022-01-28 00:00:00;0,00;69,60;2,266.82
2022-01-31 00:00:00;0,00;75,40;2,290.16
2022-02-01 00:00:00;0,00;74,00;2,313.20
2022-02-02 00:00:00;0,00;71,20;2,324.48
2022-02-03 00:00:00;0,00;71,40;2,277.67
2022-02-04 00:00:00;0,00;69,80;2,254.30
2022-02-07 00:00:00;0,00;71,00;2,278.64
2022-02-08 00:00:00;0,00;69,40;2,274.40
2022-02-09 00:00:00;0,00;68,00;2,313.14
2022-02-10 00:00:00;0,00;69,60;2,314.26
2022-02-11 00:00:00;0,00;68,80;2,293.77
2022-02-14 00:00:00;0,00;66,60;2,240.97
2022-02-15 00:00:00;0,00;63,20;2,282.06
2022-02-16 00:00:00;0,00;61,20;2,263.41
2022-02-17 00:00:00;0,00;66,60;2,229.15
2022-02-18 00:00:00;0,00;61,00;2,197.72
2022-02-21 00:00:00;0,00;58,60;2,159.30
2022-02-22 00:00:00;0,00;52,20;2,157.92
2022-02-23 00:00:00;0,00;54,60;2,142.03
2022-02-24 00:00:00;0,00;51,20;2,078.06
2022-02-25 00:00:00;0,00;52,20;2,141.52
2022-02-28 00:00:00;0,00;53,20;2,134.07
2022-03-01 00:00:00;0,00;51,40;2,084.93
2022-03-02 00:00:00;0,00;49,80;2,096.53
2022-03-03 00:00:00;0,00;50,40;2,048.51
2022-03-04 00:00:00;0,00;51,80;1,985.54
2022-03-07 00:00:00;0,00;49,50;1,980.35
2022-03-08 00:00:00;0,00;51,00;1,972.04
2022-03-09 00:00:00;0,00;50,00;2,041.62
2022-03-10 00:00:00;0,00;51,20;2,038.92
2022-03-11 00:00:00;0,00;50,40;2,070.80
2022-03-14 00:00:00;0,00;52,60;2,096.44
2022-03-15 00:00:00;0,00;57,00;2,085.08
2022-03-16 00:00:00;0,00;56,00;2,167.15
2022-03-17 00:00:00;0,00;58,20;2,159.00
2022-03-18 00:00:00;0,00;60,40;2,178.82
2022-03-21 00:00:00;0,00;65,20;2,181.05
2022-03-22 00:00:00;0,00;61,60;2,182.78
2022-03-23 00:00:00;0,00;62,40;2,155.64
2022-03-24 00:00:00;0,00;64,40;2,134.16
2022-03-25 00:00:00;0,00;60,00;2,106.52
2022-03-28 00:00:00;0,00;60,00;2,124.93
2022-03-29 00:00:00;0,00;62,40;2,154.38
2022-03-30 00:00:00;0,00;63,80;2,130.30
2022-03-31 00:00:00;0,00;61,20;2,095.17
2022-04-01 00:00:00;0,00;61,40;2,119.62
2022-04-04 00:00:00;0,00;61,10;2,136.44
2022-04-05 00:00:00;0,00;62,40;2,132.52
2022-04-06 00:00:00;0,00;62,40;2,101.21
2022-04-07 00:00:00;0,00;63,00;2,108.04
2022-04-08 00:00:00;0,00;62,00;2,131.86
2022-04-11 00:00:00;0,00;61,60;2,097.71
2022-04-12 00:00:00;0,00;62,30;2,102.20
2022-04-13 00:00:00;0,00;63,70;2,098.58
2022-04-14 00:00:00;0,00;64,30;2,092.86
2022-04-19 00:00:00;0,00;65,00;2,097.89
2022-04-20 00:00:00;0,00;66,70;2,109.10
2022-04-21 00:00:00;0,00;66,10;2,126.44
2022-04-22 00:00:00;0,00;65,20;2,094.94
2022-04-25 00:00:00;0,00;63,00;2,050.64
2022-04-26 00:00:00;0,00;63,00;2,018.33
2022-04-27 00:00:00;0,00;62,00;2,048.69
2022-04-28 00:00:00;0,00;62,10;2,038.56
2022-04-29 00:00:00;0,00;62,10;2,058.90
2022-05-02 00:00:00;0,00;62,00;2,020.41
2022-05-03 00:00:00;0,00;60,50;2,034.46
2022-05-04 00:00:00;0,25;61,00;2,011.12
2022-05-05 00:00:00;0,25;62,20;1,985.13
2022-05-06 00:00:00;0,25;59,90;1,962.00
2022-05-09 00:00:00;0,25;58,00;1,914.83
2022-05-10 00:00:00;0,25;54,00;1,943.11
2022-05-11 00:00:00;0,25;58,00;1,977.47
2022-05-12 00:00:00;0,25;59,20;1,973.48
2022-05-13 00:00:00;0,25;58,00;2,011.33
2022-05-16 00:00:00;0,25;60,40;2,004.49
2022-05-17 00:00:00;0,25;61,40;2,027.34
2022-05-18 00:00:00;0,25;64,90;2,002.54
2022-05-19 00:00:00;0,25;62,90;1,992.40
2022-05-20 00:00:00;0,25;64,00;1,994.09
2022-05-23 00:00:00;0,25;62,10;2,018.87
2022-05-24 00:00:00;0,25;66,00;2,001.10
2022-05-25 00:00:00;0,25;64,40;1,981.82
2022-05-27 00:00:00;0,25;63,80;2,058.10
2022-05-30 00:00:00;0,25;62,80;2,075.28
2022-05-31 00:00:00;0,25;60,60;2,042.64
2022-06-01 00:00:00;0,25;65,70;2,041.26
2022-06-02 00:00:00;0,25;66,00;2,075.68
2022-06-03 00:00:00;0,25;70,00;2,069.41
2022-06-07 00:00:00;0,25;68,80;2,074.21
2022-06-08 00:00:00;0,25;71,70;2,069.93
2022-06-09 00:00:00;0,25;72,00;2,044.06
2022-06-10 00:00:00;0,25;70,50;1,990.80
2022-06-13 00:00:00;0,25;67,10;1,956.51
2022-06-14 00:00:00;0,25;68,00;1,931.39
2022-06-15 00:00:00;0,25;62,20;1,946.86
2022-06-16 00:00:00;0,25;67,40;1,890.33
2022-06-17 00:00:00;0,25;61,70;1,884.27
2022-06-20 00:00:00;0,25;62,00;1,895.24
2022-06-21 00:00:00;0,25;61,30;1,903.38
2022-06-22 00:00:00;0,25;61,00;1,895.84
2022-06-23 00:00:00;0,25;59,90;1,865.54
2022-06-27 00:00:00;0,25;58,50;1,924.84
2022-06-28 00:00:00;0,25;61,10;1,913.14
2022-06-29 00:00:00;0,25;63,00;1,908.31
2022-06-30 00:00:00;0,25;63,90;1,872.68
2022-07-01 00:00:00;0,25;61,90;1,875.94
2022-07-04 00:00:00;0,25;63,90;1,893.56
2022-07-05 00:00:00;0,25;63,60;1,866.16
2022-07-06 00:00:00;0,75;62,30;1,918.67
2022-07-07 00:00:00;0,75;62,30;1,954.58
2022-07-08 00:00:00;0,75;60,00;1,971.04
2022-07-11 00:00:00;0,75;61,50;1,937.49
2022-07-12 00:00:00;0,75;61,10;1,968.81
2022-07-13 00:00:00;0,75;61,00;1,931.27
2022-07-14 00:00:00;0,75;62,60;1,903.51
2022-07-15 00:00:00;0,75;60,90;1,903.82
2022-07-18 00:00:00;0,75;61,00;1,930.50
2022-07-19 00:00:00;0,75;61,30;1,961.12
2022-07-20 00:00:00;0,75;63,60;1,961.31
2022-07-21 00:00:00;0,75;63,50;1,975.97
2022-07-22 00:00:00;0,75;61,10;1,979.70
2022-07-25 00:00:00;0,75;62,10;1,970.89
2022-07-26 00:00:00;0,75;62,40;1,962.97
2022-07-27 00:00:00;0,75;62,80;1,971.38
2022-07-28 00:00:00;0,75;61,10;1,996.02
2022-07-29 00:00:00;0,75;62,00;2,032.53
2022-08-01 00:00:00;0,75;60,80;2,011.11
2022-08-02 00:00:00;0,75;62,10;1,993.92
2022-08-03 00:00:00;0,75;60,80;2,005.58
2022-08-04 00:00:00;0,75;62,90;2,020.83
2022-08-05 00:00:00;0,75;62,40;1,998.57
2022-08-08 00:00:00;0,75;62,20;2,017.15
2022-08-09 00:00:00;0,75;61,20;1,987.68
2022-08-10 00:00:00;0,75;59,60;2,025.48
2022-08-11 00:00:00;0,75;61,60;2,024.48
2022-08-12 00:00:00;0,75;60,20;2,032.51
2022-08-15 00:00:00;0,75;62,00;2,036.67
2022-08-16 00:00:00;0,75;61,40;2,058.94
2022-08-17 00:00:00;0,75;60,30;2,034.76
2022-08-18 00:00:00;0,75;51,90;2,053.33
2022-08-19 00:00:00;0,75;49,50;2,037.97
2022-08-22 00:00:00;0,75;45,10;1,995.99
2022-08-23 00:00:00;0,75;45,00;1,985.63
2022-08-24 00:00:00;0,75;45,95;1,983.58
2022-08-25 00:00:00;0,75;45,50;1,987.32
2022-08-26 00:00:00;0,75;45,95;1,956.17
2022-08-29 00:00:00;0,75;47,00;1,940.13
2022-08-30 00:00:00;0,75;46,00;1,942.43
2022-08-31 00:00:00;0,75;47,35;1,920.23
2022-09-01 00:00:00;0,75;44,75;1,875.49
2022-09-02 00:00:00;0,75;45,00;1,925.04
2022-09-05 00:00:00;0,75;43,50;1,898.81
2022-09-06 00:00:00;0,75;43,20;1,903.25
2022-09-07 00:00:00;0,75;43,80;1,897.76
2022-09-08 00:00:00;0,75;42,80;1,907.31
2022-09-09 00:00:00;0,75;42,85;1,934.06
2022-09-12 00:00:00;0,75;43,50;1,974.54
2022-09-13 00:00:00;0,75;42,00;1,938.23
2022-09-14 00:00:00;0,75;42,50;1,916.36
2022-09-15 00:00:00;0,75;41,25;1,911.79
2022-09-16 00:00:00;0,75;41,20;1,881.51
2022-09-19 00:00:00;0,75;41,00;1,877.92
2022-09-20 00:00:00;0,75;38,55;1,856.67
2022-09-21 00:00:00;1,75;38,55;1,878.77
2022-09-22 00:00:00;1,75;39,00;1,837.91
2022-09-23 00:00:00;1,75;37,90;1,817.96
2022-09-26 00:00:00;1,75;38,45;1,811.78
2022-09-27 00:00:00;1,75;37,35;1,829.37
2022-09-28 00:00:00;1,75;40,25;1,838.77
2022-09-29 00:00:00;1,75;39,95;1,794.39
2022-09-30 00:00:00;1,75;39,50;1,828.98
2022-10-03 00:00:00;1,75;36,90;1,839.51
2022-10-04 00:00:00;1,75;39,40;1,909.64
2022-10-05 00:00:00;1,75;40,00;1,882.92
2022-10-06 00:00:00;1,75;38,10;1,883.04
2022-10-07 00:00:00;1,75;39,05;1,841.77
2022-10-10 00:00:00;1,75;39,05;1,836.91
2022-10-11 00:00:00;1,75;36,85;1,834.10
2022-10-12 00:00:00;1,75;38,05;1,834.36
2022-10-13 00:00:00;1,75;40,05;1,856.86
2022-10-14 00:00:00;1,75;38,95;1,869.02
2022-10-17 00:00:00;1,75;40,00;1,908.38
2022-10-18 00:00:00;1,75;41,70;1,938.56
2022-10-19 00:00:00;1,75;39,85;1,926.44
2022-10-20 00:00:00;1,75;40,80;1,905.99
2022-10-21 00:00:00;1,75;39,85;1,901.51
2022-10-24 00:00:00;1,75;39,45;1,938.73
2022-10-25 00:00:00;1,75;40,70;1,965.29
2022-10-26 00:00:00;1,75;39,50;1,970.06
2022-10-27 00:00:00;1,75;40,65;1,968.23
2022-10-28 00:00:00;1,75;41,30;1,974.28
2022-10-31 00:00:00;1,75;41,60;1,968.53
2022-11-01 00:00:00;1,75;43,90;1,974.99
2022-11-02 00:00:00;1,75;45,10;1,980.52
2022-11-03 00:00:00;1,75;45,60;1,960.06
2022-11-04 00:00:00;1,75;45,95;1,999.01
2022-11-07 00:00:00;1,75;45,75;2,008.62
2022-11-08 00:00:00;1,75;45,90;2,035.99
2022-11-09 00:00:00;1,75;45,40;2,033.12
2022-11-10 00:00:00;1,75;45,20;2,106.11
2022-11-11 00:00:00;1,75;50,00;2,108.67
2022-11-14 00:00:00;1,75;45,90;2,107.99
2022-11-15 00:00:00;1,75;45,00;2,098.01
2022-11-16 00:00:00;1,75;45,75;2,075.02
2022-11-17 00:00:00;1,75;45,45;2,067.08
2022-11-18 00:00:00;1,75;45,00;2,087.37
2022-11-21 00:00:00;1,75;44,45;2,082.57
2022-11-22 00:00:00;1,75;44,45;2,096.56
2022-11-23 00:00:00;1,75;44,80;2,109.84
2022-11-24 00:00:00;1,75;44,15;2,106.75
2022-11-25 00:00:00;1,75;44,70;2,116.74
2022-11-28 00:00:00;1,75;44,50;2,096.38
2022-11-29 00:00:00;1,75;44,70;2,092.24
2022-11-30 00:00:00;2,50;43,20;2,102.42
2022-12-01 00:00:00;2,50;44,70;2,125.09
2022-12-02 00:00:00;2,50;45,85;2,129.47
2022-12-05 00:00:00;2,50;44,50;2,139.69
2022-12-06 00:00:00;2,50;44,85;2,111.28
2022-12-07 00:00:00;2,50;44,80;2,088.43
2022-12-08 00:00:00;2,50;43,95;2,091.88
2022-12-09 00:00:00;2,50;44,35;2,116.45
2022-12-12 00:00:00;2,50;44,00;2,108.92
2022-12-13 00:00:00;2,50;43,30;2,140.70
2022-12-14 00:00:00;2,50;42,20;2,139.03
2022-12-15 00:00:00;2,50;46,70;2,079.52
2022-12-16 00:00:00;2,50;44,55;2,046.09
2022-12-19 00:00:00;2,50;44,80;2,047.98
2022-12-20 00:00:00;2,50;44,80;2,036.42
2022-12-21 00:00:00;2,50;43,25;2,065.13
2022-12-22 00:00:00;2,50;42,40;2,043.30
2022-12-23 00:00:00;2,50;42,95;2,054.33
2022-12-27 00:00:00;2,50;44,00;2,067.61
2022-12-28 00:00:00;2,50;44,40;2,052.76
2022-12-29 00:00:00;2,50;42,70;2,075.31
2022-12-30 00:00:00;2,50;43,00;2,043.40
2023-01-02 00:00:00;2,50;46,00;2,075.76
2023-01-03 00:00:00;2,50;44,60;2,090.03
2023-01-04 00:00:00;2,50;43,35;2,120.35
2023-01-05 00:00:00;2,50;42,80;2,137.44
2023-01-09 00:00:00;2,50;45,75;2,191.82
2023-01-10 00:00:00;2,50;44,50;2,180.70
2023-01-11 00:00:00;2,50;45,00;2,207.80
2023-01-12 00:00:00;2,50;44,05;2,225.27
2023-01-13 00:00:00;2,50;44,00;2,217.18
2023-01-16 00:00:00;2,50;44,95;2,225.10
2023-01-17 00:00:00;2,50;44,50;2,212.83
2023-01-18 00:00:00;2,50;43,90;2,218.74
2023-01-19 00:00:00;2,50;44,35;2,173.89
2023-01-20 00:00:00;2,50;43,55;2,197.42
2023-01-23 00:00:00;2,50;44,20;2,224.53
2023-01-24 00:00:00;2,50;44,00;2,216.17
2023-01-25 00:00:00;2,50;43,75;2,204.30
2023-01-26 00:00:00;2,50;44,45;2,190.53
2023-01-27 00:00:00;2,50;45,10;2,197.66
2023-01-30 00:00:00;2,50;44,60;2,200.08
2023-01-31 00:00:00;2,50;45,00;2,198.54
2023-02-01 00:00:00;2,50;44,30;2,210.13
2023-02-02 00:00:00;2,50;45,05;2,287.40
2023-02-03 00:00:00;2,50;46,30;2,294.52
2023-02-06 00:00:00;2,50;45,55;2,258.20
2023-02-07 00:00:00;2,50;44,25;2,254.80
2023-02-08 00:00:00;2,50;44,65;2,244.14
2023-02-09 00:00:00;2,50;46,00;2,235.37
2023-02-10 00:00:00;2,50;44,00;2,200.77
2023-02-13 00:00:00;2,50;44,60;2,233.18
2023-02-14 00:00:00;2,50;45,75;2,232.45
2023-02-15 00:00:00;3,00;46,50;2,255.14
2023-02-16 00:00:00;3,00;49,00;2,256.54
2023-02-17 00:00:00;3,00;53,30;2,249.38
2023-02-20 00:00:00;3,00;54,20;2,238.45
2023-02-21 00:00:00;3,00;55,00;2,223.49
2023-02-22 00:00:00;3,00;55,20;2,223.30
2023-02-23 00:00:00;3,00;55,00;2,227.58
2023-02-24 00:00:00;3,00;55,50;2,206.43
2023-02-27 00:00:00;3,00;55,30;2,234.99
2023-02-28 00:00:00;3,00;56,80;2,226.75
2023-03-01 00:00:00;3,00;55,60;2,214.68
2023-03-02 00:00:00;3,00;57,20;2,214.67
2023-03-03 00:00:00;3,00;57,70;2,252.76
2023-03-06 00:00:00;3,00;58,00;2,261.86
2023-03-07 00:00:00;3,00;57,50;2,244.66
2023-03-08 00:00:00;3,00;56,40;2,248.52
2023-03-09 00:00:00;3,00;56,50;2,245.11
2023-03-10 00:00:00;3,00;54,70;2,192.06
2023-03-13 00:00:00;3,00;54,90;2,156.58
2023-03-14 00:00:00;3,00;53,70;2,186.36
2023-03-15 00:00:00;3,00;57,80;2,096.80
2023-03-16 00:00:00;3,00;55,70;2,125.23
2023-03-17 00:00:00;3,00;53,30;2,088.02
2023-03-20 00:00:00;3,00;52,90;2,118.71
2023-03-21 00:00:00;3,00;54,10;2,145.40
2023-03-22 00:00:00;3,00;54,50;2,146.83
2023-03-23 00:00:00;3,00;54,80;2,136.00
2023-03-24 00:00:00;3,00;54,90;2,087.81
2023-03-27 00:00:00;3,00;54,30;2,111.77
2023-03-28 00:00:00;3,00;54,00;2,115.61
2023-03-29 00:00:00;3,00;53,40;2,149.36
2023-03-30 00:00:00;3,00;53,00;2,199.44
2023-03-31 00:00:00;3,00;55,00;2,223.75
2023-04-03 00:00:00;3,00;55,50;2,211.02
2023-04-04 00:00:00;3,00;53,10;2,215.91
2023-04-05 00:00:00;3,00;55,90;2,174.94
2023-04-06 00:00:00;3,00;55,00;2,184.73
2023-04-11 00:00:00;3,00;57,00;2,211.18
2023-04-12 00:00:00;3,00;57,50;2,215.15
2023-04-13 00:00:00;3,00;56,10;2,225.14
2023-04-14 00:00:00;3,00;55,90;2,249.47
2023-04-17 00:00:00;3,00;55,00;2,249.67
2023-04-18 00:00:00;3,00;57,60;2,256.28
2023-04-19 00:00:00;3,00;59,00;2,249.68
2023-04-20 00:00:00;3,00;59,80;2,248.82
2023-04-21 00:00:00;3,00;57,80;2,246.41
2023-04-24 00:00:00;3,00;59,00;2,259.82
2023-04-25 00:00:00;3,00;59,00;2,249.20
2023-04-26 00:00:00;3,00;59,00;2,240.08
2023-04-27 00:00:00;3,00;60,00;2,271.10
2023-04-28 00:00:00;3,00;60,90;2,270.58
2023-05-02 00:00:00;3,00;60,50;2,235.03
2023-05-03 00:00:00;3,50;60,10;2,238.76
2023-05-04 00:00:00;3,50;61,20;2,228.17
2023-05-05 00:00:00;3,50;61,80;2,240.48
2023-05-08 00:00:00;3,50;61,90;2,239.10
2023-05-09 00:00:00;3,50;54,00;2,223.58
2023-05-10 00:00:00;3,50;52,00;2,208.66
2023-05-11 00:00:00;3,50;53,90;2,229.91
2023-05-12 00:00:00;3,50;54,00;2,236.03
2023-05-15 00:00:00;3,50;53,70;2,251.24
2023-05-16 00:00:00;3,50;57,50;2,236.25
2023-05-17 00:00:00;3,50;59,70;2,246.20
2023-05-19 00:00:00;3,50;57,00;2,288.37
2023-05-22 00:00:00;3,50;55,00;2,283.31
2023-05-23 00:00:00;3,50;52,70;2,267.34
2023-05-24 00:00:00;3,50;56,10;2,229.89
2023-05-25 00:00:00;3,50;53,00;2,231.57
2023-05-26 00:00:00;3,50;52,80;2,272.20
2023-05-29 00:00:00;3,50;53,40;2,258.64
2023-05-30 00:00:00;3,50;52,80;2,255.00
2023-05-31 00:00:00;3,50;48,00;2,234.96
2023-06-01 00:00:00;3,50;49,65;2,252.43
2023-06-02 00:00:00;3,50;49,90;2,292.50
2023-06-05 00:00:00;3,50;50,50;2,293.06
2023-06-07 00:00:00;3,50;48,80;2,305.36
2023-06-08 00:00:00;3,50;49,35;2,302.98
2023-06-09 00:00:00;3,50;48,70;2,301.98
2023-06-12 00:00:00;3,50;48,70;2,299.50
2023-06-13 00:00:00;3,50;48,30;2,320.96
2023-06-14 00:00:00;3,50;48,80;2,312.75
2023-06-15 00:00:00;3,50;51,90;2,310.66
2023-06-16 00:00:00;3,50;52,00;2,322.64
2023-06-19 00:00:00;3,50;53,30;2,292.68
2023-06-20 00:00:00;3,50;52,90;2,281.16
2023-06-21 00:00:00;3,50;51,30;2,265.63
2023-06-22 00:00:00;3,50;52,00;2,235.41
2023-06-26 00:00:00;3,50;50,20;2,238.50
2023-06-27 00:00:00;3,50;52,00;2,244.60
2023-06-28 00:00:00;3,50;52,60;2,262.07
2023-06-29 00:00:00;3,50;52,70;2,284.77
2023-06-30 00:00:00;3,50;52,50;2,309.90
2023-07-03 00:00:00;3,50;50,80;2,294.59
2023-07-04 00:00:00;3,50;51,90;2,295.93
2023-07-05 00:00:00;3,75;52,40;2,279.42
2023-07-06 00:00:00;3,75;49,90;2,238.51
2023-07-07 00:00:00;3,75;49,80;2,246.19
2023-07-10 00:00:00;3,75;52,50;2,243.79
2023-07-11 00:00:00;3,75;50,40;2,247.96
2023-07-12 00:00:00;3,75;49,60;2,264.21
2023-07-13 00:00:00;3,75;50,80;2,261.20
2023-07-14 00:00:00;3,75;50,10;2,248.08
2023-07-17 00:00:00;3,75;50,20;2,243.13
2023-07-18 00:00:00;3,75;47,30;2,258.83
2023-07-19 00:00:00;3,75;46,50;2,235.75
2023-07-20 00:00:00;3,75;49,95;2,224.52
2023-07-21 00:00:00;3,75;46,90;2,227.45
2023-07-24 00:00:00;3,75;49,00;2,243.81
2023-07-25 00:00:00;3,75;47,90;2,259.09
2023-07-26 00:00:00;3,75;46,45;2,235.23
2023-07-27 00:00:00;3,75;46,60;2,254.15
2023-07-28 00:00:00;3,75;47,65;2,253.85
2023-07-31 00:00:00;3,75;47,10;2,250.92
2023-08-01 00:00:00;3,75;48,60;2,240.12
2023-08-02 00:00:00;3,75;47,80;2,222.74
2023-08-03 00:00:00;3,75;49,35;2,196.59
2023-08-04 00:00:00;3,75;48,25;2,209.64
2023-08-07 00:00:00;3,75;49,70;2,209.83
2023-08-08 00:00:00;3,75;47,95;2,194.44
2023-08-09 00:00:00;3,75;47,30;2,209.52
2023-08-10 00:00:00;3,75;47,10;2,223.17
2023-08-11 00:00:00;3,75;47,85;2,203.40
2023-08-14 00:00:00;3,75;47,15;2,203.30
2023-08-15 00:00:00;3,75;45,50;2,178.50
2023-08-16 00:00:00;3,75;48,85;2,180.56
2023-08-17 00:00:00;3,75;47,00;2,154.56
2023-08-18 00:00:00;3,75;54,00;2,145.66
2023-08-21 00:00:00;3,75;52,60;2,139.03
2023-08-22 00:00:00;3,75;53,00;2,153.65
2023-08-23 00:00:00;3,75;50,70;2,154.70
2023-08-24 00:00:00;3,75;50,80;2,145.74
2023-08-25 00:00:00;3,75;49,60;2,148.47
2023-08-28 00:00:00;3,75;48,00;2,174.31
2023-08-29 00:00:00;3,75;52,80;2,191.46
2023-08-30 00:00:00;3,75;50,40;2,185.08
2023-08-31 00:00:00;3,75;53,00;2,184.74
2023-09-01 00:00:00;3,75;51,00;2,186.21
2023-09-04 00:00:00;3,75;52,00;2,193.76
2023-09-05 00:00:00;3,75;50,90;2,203.70
2023-09-06 00:00:00;3,75;49,45;2,202.57
2023-09-07 00:00:00;3,75;51,70;2,185.58
2023-09-08 00:00:00;3,75;50,00;2,176.34
2023-09-11 00:00:00;3,75;50,10;2,184.56
2023-09-12 00:00:00;3,75;49,50;2,177.12
2023-09-13 00:00:00;3,75;49,50;2,162.46
2023-09-14 00:00:00;3,75;50,00;2,190.20
2023-09-15 00:00:00;3,75;49,70;2,195.20
2023-09-18 00:00:00;3,75;48,75;2,187.02
2023-09-19 00:00:00;3,75;49,00;2,177.20
2023-09-20 00:00:00;3,75;50,00;2,202.45
2023-09-21 00:00:00;3,75;47,25;2,178.82
2023-09-22 00:00:00;3,75;48,50;2,165.94
2023-09-25 00:00:00;3,75;50,80;2,156.12
2023-09-26 00:00:00;3,75;49,25;2,133.16
2023-09-27 00:00:00;4,00;46,95;2,130.32
2023-09-28 00:00:00;4,00;47,10;2,137.65
2023-09-29 00:00:00;4,00;48,45;2,155.49
2023-10-02 00:00:00;4,00;48,50;2,145.97
2023-10-03 00:00:00;4,00;47,45;2,125.06
2023-10-04 00:00:00;4,00;47,20;2,116.77
2023-10-05 00:00:00;4,00;47,05;2,127.06
2023-10-06 00:00:00;4,00;47,75;2,154.02
2023-10-09 00:00:00;4,00;47,00;2,133.26
2023-10-10 00:00:00;4,00;47,60;2,193.06
2023-10-11 00:00:00;4,00;47,25;2,193.71
2023-10-12 00:00:00;4,00;51,70;2,212.13
2023-10-13 00:00:00;4,00;51,40;2,189.84
2023-10-16 00:00:00;4,00;48,55;2,190.78
2023-10-17 00:00:00;4,00;48,90;2,172.25
2023-10-18 00:00:00;4,00;47,75;2,144.44
2023-10-19 00:00:00;4,00;47,50;2,121.83
2023-10-20 00:00:00;4,00;48,15;2,077.66
2023-10-23 00:00:00;4,00;51,50;2,066.50
2023-10-24 00:00:00;4,00;47,65;2,074.19
2023-10-25 00:00:00;4,00;49,85;2,073.84
2023-10-26 00:00:00;4,00;47,45;2,064.55
2023-10-27 00:00:00;4,00;47,90;2,049.65
2023-10-30 00:00:00;4,00;49,00;2,057.14
2023-10-31 00:00:00;4,00;47,65;2,075.79
2023-11-01 00:00:00;4,00;47,65;2,073.43
2023-11-02 00:00:00;4,00;47,70;2,110.80
2023-11-03 00:00:00;4,00;47,60;2,126.76
2023-11-06 00:00:00;4,00;48,40;2,123.50
2023-11-07 00:00:00;4,00;47,70;2,116.06
2023-11-08 00:00:00;4,00;48,50;2,114.32
2023-11-09 00:00:00;4,00;49,40;2,137.98
2023-11-10 00:00:00;4,00;52,00;2,115.38
2023-11-13 00:00:00;4,00;49,95;2,122.63
2023-11-14 00:00:00;4,00;46,30;2,169.98
2023-11-15 00:00:00;4,00;45,00;2,192.97
2023-11-16 00:00:00;4,00;45,25;2,171.53
2023-11-17 00:00:00;4,00;42,60;2,198.83
2023-11-20 00:00:00;4,00;41,50;2,206.34
2023-11-21 00:00:00;4,00;42,45;2,197.08
2023-11-22 00:00:00;4,00;42,00;2,213.18
2023-11-23 00:00:00;4,00;40,30;2,226.34
2023-11-24 00:00:00;4,00;41,80;2,229.37
2023-11-27 00:00:00;4,00;41,00;2,226.85
2023-11-28 00:00:00;4,00;43,85;2,214.81
2023-11-29 00:00:00;4,00;43,60;2,233.00
2023-11-30 00:00:00;4,00;44,80;2,232.46
2023-12-01 00:00:00;4,00;45,00;2,250.21
2023-12-04 00:00:00;4,00;46,00;2,253.80
2023-12-05 00:00:00;4,00;45,50;2,267.80
2023-12-06 00:00:00;4,00;47,55;2,289.64
2023-12-07 00:00:00;4,00;46,00;2,287.13
2023-12-08 00:00:00;4,00;45,25;2,313.01
2023-12-11 00:00:00;4,00;45,10;2,339.78
2023-12-12 00:00:00;4,00;46,00;2,334.73
2023-12-13 00:00:00;4,00;45,00;2,322.75
2023-12-14 00:00:00;4,00;44,70;2,365.25
2023-12-15 00:00:00;4,00;44,85;2,386.43
2023-12-18 00:00:00;4,00;45,95;2,374.17
2023-12-19 00:00:00;4,00;46,00;2,384.54
2023-12-20 00:00:00;4,00;45,95;2,390.84
2023-12-21 00:00:00;4,00;46,30;2,375.14
2023-12-22 00:00:00;4,00;49,90;2,377.05
2023-12-27 00:00:00;4,00;49,00;2,390.28
2023-12-28 00:00:00;4,00;50,50;2,389.01
2023-12-29 00:00:00;4,00;50,60;2,398.17