Date;Rate;OMX_Close;Index_Value
2019-01-02 00:00:00;-0,50;1,405.85;28,00
2019-01-03 00:00:00;-0,50;1,393.52;29,30
2019-01-04 00:00:00;-0,50;1,435.29;29,10
2019-01-07 00:00:00;-0,50;1,439.93;29,00
2019-01-08 00:00:00;-0,50;1,457.47;28,90
2019-01-09 00:00:00;-0,25;1,470.51;29,50
2019-01-10 00:00:00;-0,25;1,470.69;29,50
2019-01-11 00:00:00;-0,25;1,465.43;29,10
2019-01-14 00:00:00;-0,25;1,458.13;28,80
2019-01-15 00:00:00;-0,25;1,455.48;28,80
2019-01-16 00:00:00;-0,25;1,468.85;28,90
2019-01-17 00:00:00;-0,25;1,473.89;29,50
2019-01-18 00:00:00;-0,25;1,499.79;29,50
2019-01-21 00:00:00;-0,25;1,493.76;29,70
2019-01-22 00:00:00;-0,25;1,486.32;29,30
2019-01-23 00:00:00;-0,25;1,478.72;28,70
2019-01-24 00:00:00;-0,25;1,488.40;29,20
2019-01-25 00:00:00;-0,25;1,501.12;28,90
2019-01-28 00:00:00;-0,25;1,491.01;28,40
2019-01-29 00:00:00;-0,25;1,502.72;27,90
2019-01-30 00:00:00;-0,25;1,509.50;27,90
2019-01-31 00:00:00;-0,25;1,515.42;28,10
2019-02-01 00:00:00;-0,25;1,525.69;28,60
2019-02-04 00:00:00;-0,25;1,527.19;28,60
2019-02-05 00:00:00;-0,25;1,542.49;29,40
2019-02-06 00:00:00;-0,25;1,551.15;28,80
2019-02-07 00:00:00;-0,25;1,529.28;28,80
2019-02-08 00:00:00;-0,25;1,527.17;28,40
2019-02-11 00:00:00;-0,25;1,542.33;29,00
2019-02-12 00:00:00;-0,25;1,549.41;30,90
2019-02-13 00:00:00;-0,25;1,558.58;31,90
2019-02-14 00:00:00;-0,25;1,562.36;29,50
2019-02-15 00:00:00;-0,25;1,583.82;30,30
2019-02-18 00:00:00;-0,25;1,583.86;32,00
2019-02-19 00:00:00;-0,25;1,587.22;32,20
2019-02-20 00:00:00;-0,25;1,588.61;32,40
2019-02-21 00:00:00;-0,25;1,572.65;31,90
2019-02-22 00:00:00;-0,25;1,588.83;32,30
2019-02-25 00:00:00;-0,25;1,586.55;32,50
2019-02-26 00:00:00;-0,25;1,583.95;32,90
2019-02-27 00:00:00;-0,25;1,576.55;32,70
2019-02-28 00:00:00;-0,25;1,572.68;32,00
2019-03-01 00:00:00;-0,25;1,580.22;32,50
2019-03-04 00:00:00;-0,25;1,587.79;33,60
2019-03-05 00:00:00;-0,25;1,587.97;34,30
2019-03-06 00:00:00;-0,25;1,572.63;34,30
2019-03-07 00:00:00;-0,25;1,558.91;33,80
2019-03-08 00:00:00;-0,25;1,558.63;33,20
2019-03-11 00:00:00;-0,25;1,569.93;33,00
2019-03-12 00:00:00;-0,25;1,565.56;31,70
2019-03-13 00:00:00;-0,25;1,572.80;30,90
2019-03-14 00:00:00;-0,25;1,590.76;31,30
2019-03-15 00:00:00;-0,25;1,595.76;31,60
2019-03-18 00:00:00;-0,25;1,605.01;32,50
2019-03-19 00:00:00;-0,25;1,615.14;33,40
2019-03-20 00:00:00;-0,25;1,605.99;33,20
2019-03-21 00:00:00;-0,25;1,605.03;32,30
2019-03-22 00:00:00;-0,25;1,576.87;31,70
2019-03-25 00:00:00;-0,25;1,573.66;33,00
2019-03-26 00:00:00;-0,25;1,574.16;33,20
2019-03-27 00:00:00;-0,25;1,565.85;32,90
2019-03-28 00:00:00;-0,25;1,559.32;32,90
2019-03-29 00:00:00;-0,25;1,553.42;33,00
2019-04-01 00:00:00;-0,25;1,580.33;33,90
2019-04-02 00:00:00;-0,25;1,593.95;33,50
2019-04-03 00:00:00;-0,25;1,622.38;33,50
2019-04-04 00:00:00;-0,25;1,616.24;33,00
2019-04-05 00:00:00;-0,25;1,622.27;33,50
2019-04-08 00:00:00;-0,25;1,624.52;33,00
2019-04-09 00:00:00;-0,25;1,616.56;33,10
2019-04-10 00:00:00;-0,25;1,628.55;33,40
2019-04-11 00:00:00;-0,25;1,627.03;33,40
2019-04-12 00:00:00;-0,25;1,641.21;33,50
2019-04-15 00:00:00;-0,25;1,642.63;33,80
2019-04-16 00:00:00;-0,25;1,647.52;33,80
2019-04-17 00:00:00;-0,25;1,660.14;33,50
2019-04-18 00:00:00;-0,25;1,670.74;33,70
2019-04-23 00:00:00;-0,25;1,672.18;33,90
2019-04-24 00:00:00;-0,25;1,680.72;33,40
2019-04-25 00:00:00;-0,25;1,689.42;33,00
2019-04-26 00:00:00;-0,25;1,689.04;33,90
2019-04-29 00:00:00;-0,25;1,693.31;33,20
2019-04-30 00:00:00;-0,25;1,676.14;33,00
2019-05-02 00:00:00;-0,25;1,665.45;32,60
2019-05-03 00:00:00;-0,25;1,672.33;33,00
2019-05-06 00:00:00;-0,25;1,649.22;33,00
2019-05-07 00:00:00;-0,25;1,617.85;32,00
2019-05-08 00:00:00;-0,25;1,623.37;33,20
2019-05-09 00:00:00;-0,25;1,596.69;32,20
2019-05-10 00:00:00;-0,25;1,603.37;31,80
2019-05-13 00:00:00;-0,25;1,573.84;30,60
2019-05-14 00:00:00;-0,25;1,590.82;31,20
2019-05-15 00:00:00;-0,25;1,593.32;32,00
2019-05-16 00:00:00;-0,25;1,615.38;31,60
2019-05-17 00:00:00;-0,25;1,606.86;31,70
2019-05-20 00:00:00;-0,25;1,588.90;31,10
2019-05-21 00:00:00;-0,25;1,602.91;31,20
2019-05-22 00:00:00;-0,25;1,595.64;31,40
2019-05-23 00:00:00;-0,25;1,561.17;31,20
2019-05-24 00:00:00;-0,25;1,571.52;31,00
2019-05-27 00:00:00;-0,25;1,568.23;31,70
2019-05-28 00:00:00;-0,25;1,565.12;31,80
2019-05-29 00:00:00;-0,25;1,538.75;31,70
2019-05-31 00:00:00;-0,25;1,510.46;32,60
2019-06-03 00:00:00;-0,25;1,518.23;31,80
2019-06-04 00:00:00;-0,25;1,537.31;31,00
2019-06-05 00:00:00;-0,25;1,542.00;31,40
2019-06-07 00:00:00;-0,25;1,566.14;31,50
2019-06-10 00:00:00;-0,25;1,566.14;31,50
2019-06-11 00:00:00;-0,25;1,593.36;31,60
2019-06-12 00:00:00;-0,25;1,593.60;31,30
2019-06-13 00:00:00;-0,25;1,598.12;32,30
2019-06-14 00:00:00;-0,25;1,589.60;31,60
2019-06-17 00:00:00;-0,25;1,589.60;31,60
2019-06-18 00:00:00;-0,25;1,609.43;31,10
2019-06-19 00:00:00;-0,25;1,612.40;31,70
2019-06-20 00:00:00;-0,25;1,628.29;31,60
2019-06-24 00:00:00;-0,25;1,610.94;30,70
2019-06-25 00:00:00;-0,25;1,607.29;31,60
2019-06-26 00:00:00;-0,25;1,604.23;31,00
2019-06-27 00:00:00;-0,25;1,616.94;30,70
2019-06-28 00:00:00;-0,25;1,622.43;30,90
2019-07-01 00:00:00;-0,25;1,642.00;30,60
2019-07-02 00:00:00;-0,25;1,647.02;30,80
2019-07-03 00:00:00;-0,25;1,648.84;30,40
2019-07-04 00:00:00;-0,25;1,652.25;30,00
2019-07-05 00:00:00;-0,25;1,634.94;30,50
2019-07-08 00:00:00;-0,25;1,642.07;30,10
2019-07-09 00:00:00;-0,25;1,630.88;30,00
2019-07-10 00:00:00;-0,25;1,622.45;30,00
2019-07-11 00:00:00;-0,25;1,613.21;29,60
2019-07-12 00:00:00;-0,25;1,625.62;30,40
2019-07-15 00:00:00;-0,25;1,632.91;29,80
2019-07-16 00:00:00;-0,25;1,630.57;29,90
2019-07-17 00:00:00;-0,25;1,598.06;30,60
2019-07-18 00:00:00;-0,25;1,577.41;29,20
2019-07-19 00:00:00;-0,25;1,605.42;29,20
2019-07-22 00:00:00;-0,25;1,600.88;29,60
2019-07-23 00:00:00;-0,25;1,624.77;29,80
2019-07-24 00:00:00;-0,25;1,613.06;30,00
2019-07-25 00:00:00;-0,25;1,607.20;29,40
2019-07-26 00:00:00;-0,25;1,610.64;29,60
2019-07-29 00:00:00;-0,25;1,614.30;29,90
2019-07-30 00:00:00;-0,25;1,600.26;29,80
2019-07-31 00:00:00;-0,25;1,599.78;30,10
2019-08-01 00:00:00;-0,25;1,612.91;31,40
2019-08-02 00:00:00;-0,25;1,568.70;31,00
2019-08-05 00:00:00;-0,25;1,568.70;31,00
2019-08-06 00:00:00;-0,25;1,523.03;30,70
2019-08-07 00:00:00;-0,25;1,528.19;31,90
2019-08-08 00:00:00;-0,25;1,550.62;32,00
2019-08-09 00:00:00;-0,25;1,531.52;31,40
2019-08-12 00:00:00;-0,25;1,533.06;30,80
2019-08-13 00:00:00;-0,25;1,543.36;30,30
2019-08-14 00:00:00;-0,25;1,500.06;29,20
2019-08-15 00:00:00;-0,25;1,495.71;30,50
2019-08-16 00:00:00;-0,25;1,519.41;30,70
2019-08-19 00:00:00;-0,25;1,538.97;30,80
2019-08-20 00:00:00;-0,25;1,534.34;29,90
2019-08-21 00:00:00;-0,25;1,543.47;30,00
2019-08-22 00:00:00;-0,25;1,535.51;29,90
2019-08-23 00:00:00;-0,25;1,522.85;30,50
2019-08-26 00:00:00;-0,25;1,520.85;30,20
2019-08-27 00:00:00;-0,25;1,530.81;30,40
2019-08-28 00:00:00;-0,25;1,529.13;30,00
2019-08-29 00:00:00;-0,25;1,558.74;30,10
2019-08-30 00:00:00;-0,25;1,576.98;30,30
2019-09-02 00:00:00;-0,25;1,570.19;29,90
2019-09-03 00:00:00;-0,25;1,568.66;29,90
2019-09-04 00:00:00;-0,25;1,581.28;29,40
2019-09-05 00:00:00;-0,25;1,597.34;29,20
2019-09-06 00:00:00;-0,25;1,601.95;28,80
2019-09-09 00:00:00;-0,25;1,610.70;30,10
2019-09-10 00:00:00;-0,25;1,624.98;30,00
2019-09-11 00:00:00;-0,25;1,637.62;30,10
2019-09-12 00:00:00;-0,25;1,651.45;30,80
2019-09-13 00:00:00;-0,25;1,665.35;31,10
2019-09-16 00:00:00;-0,25;1,655.01;31,40
2019-09-17 00:00:00;-0,25;1,649.33;30,80
2019-09-18 00:00:00;-0,25;1,655.11;31,30
2019-09-19 00:00:00;-0,25;1,664.64;31,50
2019-09-20 00:00:00;-0,25;1,666.89;31,50
2019-09-23 00:00:00;-0,25;1,637.66;31,70
2019-09-24 00:00:00;-0,25;1,633.09;31,60
2019-09-25 00:00:00;-0,25;1,620.67;31,30
2019-09-26 00:00:00;-0,25;1,631.61;31,70
2019-09-27 00:00:00;-0,25;1,646.60;31,70
2019-09-30 00:00:00;-0,25;1,647.67;31,40
2019-10-01 00:00:00;-0,25;1,635.64;31,00
2019-10-02 00:00:00;-0,25;1,593.32;31,50
2019-10-03 00:00:00;-0,25;1,588.41;31,00
2019-10-04 00:00:00;-0,25;1,593.98;30,80
2019-10-07 00:00:00;-0,25;1,617.99;31,50
2019-10-08 00:00:00;-0,25;1,605.69;31,00
2019-10-09 00:00:00;-0,25;1,620.00;31,40
2019-10-10 00:00:00;-0,25;1,630.03;31,10
2019-10-11 00:00:00;-0,25;1,653.28;31,50
2019-10-14 00:00:00;-0,25;1,652.58;31,30
2019-10-15 00:00:00;-0,25;1,670.21;31,70
2019-10-16 00:00:00;-0,25;1,677.19;31,40
2019-10-17 00:00:00;-0,25;1,682.87;31,70
2019-10-18 00:00:00;-0,25;1,697.91;31,70
2019-10-21 00:00:00;-0,25;1,724.36;31,90
2019-10-22 00:00:00;-0,25;1,728.22;31,60
2019-10-23 00:00:00;-0,25;1,725.87;31,90
2019-10-24 00:00:00;-0,25;1,736.98;31,80
2019-10-25 00:00:00;-0,25;1,747.30;31,90
2019-10-28 00:00:00;-0,25;1,760.31;31,90
2019-10-29 00:00:00;-0,25;1,742.32;31,90
2019-10-30 00:00:00;-0,25;1,746.81;31,50
2019-10-31 00:00:00;-0,25;1,733.68;32,00
2019-11-01 00:00:00;-0,25;1,737.51;32,30
2019-11-04 00:00:00;-0,25;1,771.03;32,70
2019-11-05 00:00:00;-0,25;1,769.53;32,70
2019-11-06 00:00:00;-0,25;1,762.79;33,50
2019-11-07 00:00:00;-0,25;1,763.81;33,90
2019-11-08 00:00:00;-0,25;1,772.56;34,10
2019-11-11 00:00:00;-0,25;1,763.50;34,50
2019-11-12 00:00:00;-0,25;1,774.72;34,70
2019-11-13 00:00:00;-0,25;1,766.60;34,80
2019-11-14 00:00:00;-0,25;1,757.42;35,80
2019-11-15 00:00:00;-0,25;1,756.86;35,30
2019-11-18 00:00:00;-0,25;1,745.17;34,80
2019-11-19 00:00:00;-0,25;1,743.25;34,50
2019-11-20 00:00:00;-0,25;1,729.06;34,90
2019-11-21 00:00:00;-0,25;1,720.11;34,50
2019-11-22 00:00:00;-0,25;1,724.19;34,00
2019-11-25 00:00:00;-0,25;1,742.04;33,70
2019-11-26 00:00:00;-0,25;1,740.99;33,90
2019-11-27 00:00:00;-0,25;1,737.80;33,80
2019-11-28 00:00:00;-0,25;1,735.30;33,90
2019-11-29 00:00:00;-0,25;1,730.25;33,80
2019-12-02 00:00:00;-0,25;1,706.82;34,00
2019-12-03 00:00:00;-0,25;1,697.68;33,50
2019-12-04 00:00:00;-0,25;1,725.60;34,40
2019-12-05 00:00:00;-0,25;1,723.63;34,40
2019-12-06 00:00:00;-0,25;1,742.61;34,50
2019-12-09 00:00:00;-0,25;1,743.31;34,00
2019-12-10 00:00:00;-0,25;1,735.51;35,10
2019-12-11 00:00:00;-0,25;1,741.62;35,10
2019-12-12 00:00:00;-0,25;1,758.24;35,90
2019-12-13 00:00:00;-0,25;1,770.12;36,00
2019-12-16 00:00:00;-0,25;1,787.66;36,20
2019-12-17 00:00:00;-0,25;1,791.93;36,20
2019-12-18 00:00:00;-0,25;1,787.96;36,00
2019-12-19 00:00:00;-0,25;1,783.29;35,50
2019-12-20 00:00:00;-0,25;1,794.80;36,00
2019-12-23 00:00:00;-0,25;1,795.66;36,00
2019-12-27 00:00:00;-0,25;1,798.04;36,30
2019-12-30 00:00:00;-0,25;1,771.85;37,00
2020-01-02 00:00:00;-0,25;1,808.63;37,10
2020-01-03 00:00:00;-0,25;1,785.23;36,00
2020-01-07 00:00:00;-0,25;1,796.85;36,00
2020-01-08 00:00:00;0,00;1,795.41;36,50
2020-01-09 00:00:00;0,00;1,796.74;36,30
2020-01-10 00:00:00;0,00;1,784.97;36,20
2020-01-13 00:00:00;0,00;1,790.51;36,20
2020-01-14 00:00:00;0,00;1,792.90;37,50
2020-01-15 00:00:00;0,00;1,787.29;37,40
2020-01-16 00:00:00;0,00;1,812.30;37,90
2020-01-17 00:00:00;0,00;1,825.94;38,90
2020-01-20 00:00:00;0,00;1,821.29;38,50
2020-01-21 00:00:00;0,00;1,825.62;38,40
2020-01-22 00:00:00;0,00;1,811.76;38,60
2020-01-23 00:00:00;0,00;1,795.43;37,80
2020-01-24 00:00:00;0,00;1,812.85;37,60
2020-01-27 00:00:00;0,00;1,771.48;38,30
2020-01-28 00:00:00;0,00;1,786.35;38,90
2020-01-29 00:00:00;0,00;1,791.67;38,90
2020-01-30 00:00:00;0,00;1,787.96;39,00
2020-01-31 00:00:00;0,00;1,783.26;37,60
2020-02-03 00:00:00;0,00;1,782.91;36,40
2020-02-04 00:00:00;0,00;1,821.04;37,80
2020-02-05 00:00:00;0,00;1,847.35;38,80
2020-02-06 00:00:00;0,00;1,851.95;39,50
2020-02-07 00:00:00;0,00;1,849.86;39,50
2020-02-10 00:00:00;0,00;1,858.00;39,10
2020-02-11 00:00:00;0,00;1,884.13;38,90
2020-02-12 00:00:00;0,00;1,889.75;37,40
2020-02-13 00:00:00;0,00;1,883.02;38,10
2020-02-14 00:00:00;0,00;1,885.62;37,10
2020-02-17 00:00:00;0,00;1,888.35;37,80
2020-02-18 00:00:00;0,00;1,878.79;37,40
2020-02-19 00:00:00;0,00;1,900.28;38,40
2020-02-20 00:00:00;0,00;1,898.93;39,00
2020-02-21 00:00:00;0,00;1,879.10;39,30
2020-02-24 00:00:00;0,00;1,798.20;37,70
2020-02-25 00:00:00;0,00;1,769.14;36,70
2020-02-26 00:00:00;0,00;1,782.10;36,80
2020-02-27 00:00:00;0,00;1,721.59;35,80
2020-02-28 00:00:00;0,00;1,668.84;33,60
2020-03-02 00:00:00;0,00;1,679.13;34,60
2020-03-03 00:00:00;0,00;1,694.56;36,50
2020-03-04 00:00:00;0,00;1,704.20;35,70
2020-03-05 00:00:00;0,00;1,683.19;35,70
2020-03-06 00:00:00;0,00;1,629.00;35,00
2020-03-09 00:00:00;0,00;1,542.44;33,60
2020-03-10 00:00:00;0,00;1,533.79;33,50
2020-03-11 00:00:00;0,00;1,511.96;32,70
2020-03-12 00:00:00;0,00;1,352.13;28,00
2020-03-13 00:00:00;0,00;1,376.46;28,00
2020-03-16 00:00:00;0,00;1,329.16;24,80
2020-03-17 00:00:00;0,00;1,372.79;24,80
2020-03-18 00:00:00;0,00;1,337.24;23,90
2020-03-19 00:00:00;0,00;1,380.58;23,60
2020-03-20 00:00:00;0,00;1,355.54;24,30
2020-03-23 00:00:00;0,00;1,292.27;22,60
2020-03-24 00:00:00;0,00;1,383.88;23,50
2020-03-25 00:00:00;0,00;1,446.56;23,60
2020-03-26 00:00:00;0,00;1,470.89;24,00
2020-03-27 00:00:00;0,00;1,419.29;25,00
2020-03-30 00:00:00;0,00;1,449.20;24,40
2020-03-31 00:00:00;0,00;1,482.43;25,70
2020-04-01 00:00:00;0,00;1,425.99;24,60
2020-04-02 00:00:00;0,00;1,427.19;25,20
2020-04-03 00:00:00;0,00;1,404.59;24,50
2020-04-06 00:00:00;0,00;1,461.23;25,20
2020-04-07 00:00:00;0,00;1,510.85;26,10
2020-04-08 00:00:00;0,00;1,499.51;28,60
2020-04-09 00:00:00;0,00;1,498.76;29,00
2020-04-14 00:00:00;0,00;1,535.84;29,10
2020-04-15 00:00:00;0,00;1,480.60;28,70
2020-04-16 00:00:00;0,00;1,483.79;27,80
2020-04-17 00:00:00;0,00;1,534.55;27,90
2020-04-20 00:00:00;0,00;1,541.17;27,70
2020-04-21 00:00:00;0,00;1,493.45;29,10
2020-04-22 00:00:00;0,00;1,527.63;31,10
2020-04-23 00:00:00;0,00;1,541.89;31,60
2020-04-24 00:00:00;0,00;1,514.13;32,30
2020-04-27 00:00:00;0,00;1,539.51;30,30
2020-04-28 00:00:00;0,00;1,568.50;31,70
2020-04-29 00:00:00;0,00;1,600.86;31,60
2020-04-30 00:00:00;0,00;1,577.92;30,80
2020-05-04 00:00:00;0,00;1,505.21;28,90
2020-05-05 00:00:00;0,00;1,538.18;28,70
2020-05-06 00:00:00;0,00;1,521.40;29,40
2020-05-07 00:00:00;0,00;1,537.74;29,70
2020-05-08 00:00:00;0,00;1,563.19;29,40
2020-05-11 00:00:00;0,00;1,556.49;29,40
2020-05-12 00:00:00;0,00;1,570.03;28,80
2020-05-13 00:00:00;0,00;1,522.64;28,80
2020-05-14 00:00:00;0,00;1,476.52;28,40
2020-05-15 00:00:00;0,00;1,493.62;28,10
2020-05-18 00:00:00;0,00;1,566.16;28,40
2020-05-19 00:00:00;0,00;1,560.28;28,90
2020-05-20 00:00:00;0,00;1,556.44;29,00
2020-05-22 00:00:00;0,00;1,555.49;29,30
2020-05-25 00:00:00;0,00;1,588.60;29,10
2020-05-26 00:00:00;0,00;1,606.65;29,60
2020-05-27 00:00:00;0,00;1,623.39;30,40
2020-05-28 00:00:00;0,00;1,657.58;30,20
2020-05-29 00:00:00;0,00;1,629.76;30,40
2020-06-01 00:00:00;0,00;1,649.38;30,50
2020-06-02 00:00:00;0,00;1,666.98;30,30
2020-06-03 00:00:00;0,00;1,709.96;30,70
2020-06-04 00:00:00;0,00;1,700.48;29,50
2020-06-05 00:00:00;0,00;1,730.51;29,90
2020-06-08 00:00:00;0,00;1,717.66;30,00
2020-06-09 00:00:00;0,00;1,696.70;29,20
2020-06-10 00:00:00;0,00;1,692.32;29,60
2020-06-11 00:00:00;0,00;1,609.06;28,40
2020-06-12 00:00:00;0,00;1,609.07;29,60
2020-06-15 00:00:00;0,00;1,616.14;29,60
2020-06-16 00:00:00;0,00;1,671.84;28,60
2020-06-17 00:00:00;0,00;1,677.53;29,00
2020-06-18 00:00:00;0,00;1,667.93;29,10
2020-06-22 00:00:00;0,00;1,657.71;28,50
2020-06-23 00:00:00;0,00;1,683.36;27,90
2020-06-24 00:00:00;0,00;1,642.91;27,60
2020-06-25 00:00:00;0,00;1,660.96;27,10
2020-06-26 00:00:00;0,00;1,657.66;27,70
2020-06-29 00:00:00;0,00;1,671.53;27,60
2020-06-30 00:00:00;0,00;1,664.38;27,80
2020-07-01 00:00:00;0,00;1,675.04;28,20
2020-07-02 00:00:00;0,00;1,703.82;28,60
2020-07-03 00:00:00;0,00;1,695.26;28,30
2020-07-06 00:00:00;0,00;1,730.88;29,00
2020-07-07 00:00:00;0,00;1,720.45;31,70
2020-07-08 00:00:00;0,00;1,712.53;32,50
2020-07-09 00:00:00;0,00;1,697.84;32,20
2020-07-10 00:00:00;0,00;1,711.62;32,70
2020-07-13 00:00:00;0,00;1,742.73;33,90
2020-07-14 00:00:00;0,00;1,738.60;32,30
2020-07-15 00:00:00;0,00;1,767.85;33,20
2020-07-16 00:00:00;0,00;1,754.55;33,40
2020-07-17 00:00:00;0,00;1,770.15;33,60
2020-07-20 00:00:00;0,00;1,784.54;34,60
2020-07-21 00:00:00;0,00;1,775.39;34,00
2020-07-22 00:00:00;0,00;1,779.85;33,90
2020-07-23 00:00:00;0,00;1,781.10;33,00
2020-07-24 00:00:00;0,00;1,750.24;32,10
2020-07-27 00:00:00;0,00;1,760.31;32,80
2020-07-28 00:00:00;0,00;1,754.25;32,90
2020-07-29 00:00:00;0,00;1,760.59;32,80
2020-07-30 00:00:00;0,00;1,720.28;32,00
2020-07-31 00:00:00;0,00;1,707.35;32,50
2020-08-03 00:00:00;0,00;1,746.32;32,00
2020-08-04 00:00:00;0,00;1,734.25;32,40
2020-08-05 00:00:00;0,00;1,745.49;32,20
2020-08-06 00:00:00;0,00;1,739.14;31,80
2020-08-07 00:00:00;0,00;1,740.46;31,10
2020-08-10 00:00:00;0,00;1,748.91;33,00
2020-08-11 00:00:00;0,00;1,786.28;32,60
2020-08-12 00:00:00;0,00;1,788.99;32,40
2020-08-13 00:00:00;0,00;1,786.80;32,20
2020-08-14 00:00:00;0,00;1,754.20;31,80
2020-08-17 00:00:00;0,00;1,773.53;32,60
2020-08-18 00:00:00;0,00;1,760.09;36,20
2020-08-19 00:00:00;0,00;1,775.24;36,50
2020-08-20 00:00:00;0,00;1,751.93;36,70
2020-08-21 00:00:00;0,00;1,753.13;37,30
2020-08-24 00:00:00;0,00;1,788.40;37,40
2020-08-25 00:00:00;0,00;1,786.27;37,80
2020-08-26 00:00:00;0,00;1,798.31;39,50
2020-08-27 00:00:00;0,00;1,793.97;38,10
2020-08-28 00:00:00;0,00;1,776.57;38,60
2020-08-31 00:00:00;0,00;1,766.33;40,00
2020-09-01 00:00:00;0,00;1,769.44;39,90
2020-09-02 00:00:00;0,00;1,782.86;40,20
2020-09-03 00:00:00;0,00;1,760.61;39,30
2020-09-04 00:00:00;0,00;1,761.99;38,50
2020-09-07 00:00:00;0,00;1,799.26;38,40
2020-09-08 00:00:00;0,00;1,782.60;38,40
2020-09-09 00:00:00;0,00;1,812.58;38,90
2020-09-10 00:00:00;0,00;1,802.85;38,90
2020-09-11 00:00:00;0,00;1,801.46;38,80
2020-09-14 00:00:00;0,00;1,802.69;38,30
2020-09-15 00:00:00;0,00;1,818.80;39,00
2020-09-16 00:00:00;0,00;1,838.26;39,20
2020-09-17 00:00:00;0,00;1,833.75;39,00
2020-09-18 00:00:00;0,00;1,835.36;39,60
2020-09-21 00:00:00;0,00;1,770.61;38,90
2020-09-22 00:00:00;0,00;1,781.92;40,10
2020-09-23 00:00:00;0,00;1,795.64;39,90
2020-09-24 00:00:00;0,00;1,777.51;39,60
2020-09-25 00:00:00;0,00;1,783.87;39,80
2020-09-28 00:00:00;0,00;1,834.64;39,90
2020-09-29 00:00:00;0,00;1,836.60;40,40
2020-09-30 00:00:00;0,00;1,829.40;41,10
2020-10-01 00:00:00;0,00;1,830.04;41,20
2020-10-02 00:00:00;0,00;1,813.69;41,00
2020-10-05 00:00:00;0,00;1,839.68;40,50
2020-10-06 00:00:00;0,00;1,839.15;40,40
2020-10-07 00:00:00;0,00;1,839.22;40,40
2020-10-08 00:00:00;0,00;1,841.40;40,40
2020-10-09 00:00:00;0,00;1,840.07;40,10
2020-10-12 00:00:00;0,00;1,855.39;40,00
2020-10-13 00:00:00;0,00;1,833.46;40,10
2020-10-14 00:00:00;0,00;1,840.85;40,40
2020-10-15 00:00:00;0,00;1,812.95;40,10
2020-10-16 00:00:00;0,00;1,835.30;40,70
2020-10-19 00:00:00;0,00;1,841.59;41,50
2020-10-20 00:00:00;0,00;1,841.59;41,50
2020-10-21 00:00:00;0,00;1,820.72;41,30
2020-10-22 00:00:00;0,00;1,816.29;40,50
2020-10-23 00:00:00;0,00;1,819.94;41,10
2020-10-26 00:00:00;0,00;1,775.01;41,50
2020-10-27 00:00:00;0,00;1,764.01;39,80
2020-10-28 00:00:00;0,00;1,722.66;36,80
2020-10-29 00:00:00;0,00;1,716.03;36,50
2020-10-30 00:00:00;0,00;1,717.62;37,10
2020-11-02 00:00:00;0,00;1,748.42;37,10
2020-11-03 00:00:00;0,00;1,772.27;38,20
2020-11-04 00:00:00;0,00;1,795.53;38,90
2020-11-05 00:00:00;0,00;1,822.21;38,90
2020-11-06 00:00:00;0,00;1,819.52;39,00
2020-11-09 00:00:00;0,00;1,888.74;39,20
2020-11-10 00:00:00;0,00;1,885.54;38,10
2020-11-11 00:00:00;0,00;1,902.89;38,40
2020-11-12 00:00:00;0,00;1,892.41;38,10
2020-11-13 00:00:00;0,00;1,897.30;37,90
2020-11-16 00:00:00;0,00;1,918.46;37,30
2020-11-17 00:00:00;0,00;1,922.20;37,40
2020-11-18 00:00:00;0,00;1,922.53;37,40
2020-11-19 00:00:00;0,00;1,915.40;37,90
2020-11-20 00:00:00;0,00;1,926.47;37,70
2020-11-23 00:00:00;0,00;1,921.77;37,50
2020-11-24 00:00:00;0,00;1,938.14;37,80
2020-11-25 00:00:00;0,00;1,931.43;38,00
2020-11-26 00:00:00;0,00;1,931.97;39,00
2020-11-27 00:00:00;0,00;1,937.09;38,80
2020-11-30 00:00:00;0,00;1,917.54;39,60
2020-12-01 00:00:00;0,00;1,924.00;39,50
2020-12-02 00:00:00;0,00;1,918.99;40,00
2020-12-03 00:00:00;0,00;1,912.18;40,00
2020-12-04 00:00:00;0,00;1,916.94;39,40
2020-12-07 00:00:00;0,00;1,907.61;39,70
2020-12-08 00:00:00;0,00;1,925.50;41,40
2020-12-09 00:00:00;0,00;1,926.42;42,50
2020-12-10 00:00:00;0,00;1,906.82;42,90
2020-12-11 00:00:00;0,00;1,891.22;41,80
2020-12-14 00:00:00;0,00;1,890.65;42,50
2020-12-15 00:00:00;0,00;1,889.84;43,50
2020-12-16 00:00:00;0,00;1,892.26;43,50
2020-12-17 00:00:00;0,00;1,885.18;43,70
2020-12-18 00:00:00;0,00;1,886.88;43,90
2020-12-21 00:00:00;0,00;1,845.11;42,60
2020-12-22 00:00:00;0,00;1,863.28;43,00
2020-12-23 00:00:00;0,00;1,867.99;43,60
2020-12-28 00:00:00;0,00;1,886.38;44,10
2020-12-29 00:00:00;0,00;1,893.06;43,60
2020-12-30 00:00:00;0,00;1,874.74;44,20
2021-01-04 00:00:00;0,00;1,895.49;44,60
2021-01-05 00:00:00;0,00;1,892.35;45,50
2021-01-07 00:00:00;0,00;1,939.49;45,00
2021-01-08 00:00:00;0,00;1,949.37;44,10
2021-01-11 00:00:00;0,00;1,941.49;44,40
2021-01-12 00:00:00;0,00;1,958.62;44,90
2021-01-13 00:00:00;0,00;1,962.26;45,80
2021-01-14 00:00:00;0,00;1,972.22;45,00
2021-01-15 00:00:00;0,00;1,954.71;46,90
2021-01-18 00:00:00;0,00;1,962.43;47,40
2021-01-19 00:00:00;0,00;1,957.85;47,70
2021-01-20 00:00:00;0,00;1,978.37;47,00
2021-01-21 00:00:00;0,00;1,987.26;47,30
2021-01-22 00:00:00;0,00;1,986.24;47,40
2021-01-25 00:00:00;0,00;1,975.06;46,10
2021-01-26 00:00:00;0,00;1,991.66;46,10
2021-01-27 00:00:00;0,00;1,976.20;45,60
2021-01-28 00:00:00;0,00;1,971.40;44,40
2021-01-29 00:00:00;0,00;1,948.79;44,10
2021-02-01 00:00:00;0,00;1,977.81;44,60
2021-02-02 00:00:00;0,00;1,988.49;45,20
2021-02-03 00:00:00;0,00;1,997.65;45,90
2021-02-04 00:00:00;0,00;2,006.33;46,80
2021-02-05 00:00:00;0,00;1,989.34;47,00
2021-02-08 00:00:00;0,00;2,002.52;47,70
2021-02-09 00:00:00;0,00;1,999.19;47,90
2021-02-10 00:00:00;0,00;1,998.06;47,60
2021-02-11 00:00:00;0,00;2,010.07;47,90
2021-02-12 00:00:00;0,00;2,024.72;47,00
2021-02-15 00:00:00;0,00;2,024.72;46,60
2021-02-16 00:00:00;0,00;2,038.07;46,50
2021-02-17 00:00:00;0,00;2,017.26;46,00
2021-02-18 00:00:00;0,00;2,015.81;46,40
2021-02-19 00:00:00;0,00;2,036.97;47,40
2021-02-22 00:00:00;0,00;2,031.04;47,00
2021-02-23 00:00:00;0,00;2,016.83;46,40
2021-02-24 00:00:00;0,00;2,037.25;45,60
2021-02-25 00:00:00;0,00;2,038.93;45,60
2021-02-26 00:00:00;0,00;2,009.90;44,50
2021-03-01 00:00:00;0,00;2,054.67;45,00
2021-03-02 00:00:00;0,00;2,067.10;46,40
2021-03-03 00:00:00;0,00;2,073.78;46,20
2021-03-04 00:00:00;0,00;2,065.15;47,80
2021-03-05 00:00:00;0,00;2,048.57;48,10
2021-03-08 00:00:00;0,00;2,103.10;49,10
2021-03-09 00:00:00;0,00;2,124.85;48,40
2021-03-10 00:00:00;0,00;2,134.46;47,70
2021-03-11 00:00:00;0,00;2,165.66;48,80
2021-03-12 00:00:00;0,00;2,168.96;49,40
2021-03-15 00:00:00;0,00;2,161.83;49,50
2021-03-16 00:00:00;0,00;2,180.14;53,00
2021-03-17 00:00:00;0,00;2,172.86;52,40
2021-03-18 00:00:00;0,00;2,179.99;53,40
2021-03-19 00:00:00;0,00;2,169.18;52,40
2021-03-22 00:00:00;0,00;2,174.63;53,00
2021-03-23 00:00:00;0,00;2,168.12;52,60
2021-03-24 00:00:00;0,00;2,184.60;52,60
2021-03-25 00:00:00;0,00;2,173.24;53,20
2021-03-26 00:00:00;0,00;2,198.80;53,80
2021-03-29 00:00:00;0,00;2,182.21;55,40
2021-03-30 00:00:00;0,00;2,205.41;57,60
2021-03-31 00:00:00;0,00;2,192.86;57,60
2021-04-01 00:00:00;0,00;2,202.61;58,60
2021-04-06 00:00:00;0,00;2,230.25;58,40
2021-04-07 00:00:00;0,00;2,229.56;58,20
2021-04-08 00:00:00;0,00;2,240.40;59,60
2021-04-09 00:00:00;0,00;2,250.40;60,20
2021-04-12 00:00:00;0,00;2,233.20;60,80
2021-04-13 00:00:00;0,00;2,247.21;59,60
2021-04-14 00:00:00;0,00;2,228.16;58,20
2021-04-15 00:00:00;0,00;2,242.98;59,20
2021-04-16 00:00:00;0,00;2,280.50;59,80
2021-04-19 00:00:00;0,00;2,257.60;60,20
2021-04-20 00:00:00;0,00;2,204.81;59,20
2021-04-21 00:00:00;0,00;2,228.29;59,40
2021-04-22 00:00:00;0,00;2,232.42;59,00
2021-04-23 00:00:00;0,00;2,240.95;59,00
2021-04-26 00:00:00;0,00;2,244.36;57,00
2021-04-27 00:00:00;0,00;2,262.84;55,80
2021-04-28 00:00:00;0,00;2,239.25;54,00
2021-04-29 00:00:00;0,00;2,232.84;55,00
2021-04-30 00:00:00;0,00;2,217.02;55,40
2021-05-03 00:00:00;0,00;2,231.59;57,20
2021-05-04 00:00:00;0,00;2,194.58;57,00
2021-05-05 00:00:00;0,00;2,255.49;58,00
2021-05-06 00:00:00;0,00;2,246.61;53,20
2021-05-07 00:00:00;0,00;2,260.13;51,80
2021-05-10 00:00:00;0,00;2,265.01;50,40
2021-05-11 00:00:00;0,00;2,193.76;48,50
2021-05-12 00:00:00;0,00;2,205.80;50,00
2021-05-14 00:00:00;0,00;2,247.88;50,40
2021-05-17 00:00:00;0,00;2,230.40;51,00
2021-05-18 00:00:00;0,00;2,249.68;52,60
2021-05-19 00:00:00;0,00;2,201.51;52,00
2021-05-20 00:00:00;0,00;2,240.28;52,40
2021-05-21 00:00:00;0,00;2,240.84;53,40
2021-05-24 00:00:00;0,00;2,245.04;51,20
2021-05-25 00:00:00;0,00;2,243.17;53,20
2021-05-26 00:00:00;0,00;2,227.07;53,20
2021-05-27 00:00:00;0,00;2,244.46;53,80
2021-05-28 00:00:00;0,00;2,255.45;52,00
2021-05-31 00:00:00;0,00;2,241.87;51,80
2021-06-01 00:00:00;0,00;2,264.53;51,60
2021-06-02 00:00:00;0,00;2,268.80;51,00
2021-06-03 00:00:00;0,00;2,273.35;51,60
2021-06-04 00:00:00;0,00;2,271.43;51,60
2021-06-07 00:00:00;0,00;2,267.71;51,60
2021-06-08 00:00:00;0,00;2,274.88;51,40
2021-06-09 00:00:00;0,00;2,272.29;52,80
2021-06-10 00:00:00;0,00;2,267.92;51,00
2021-06-11 00:00:00;0,00;2,278.60;50,80
2021-06-14 00:00:00;0,00;2,284.64;51,80
2021-06-15 00:00:00;0,00;2,280.07;51,00
2021-06-16 00:00:00;0,00;2,286.41;50,00
2021-06-17 00:00:00;0,00;2,272.81;50,80
2021-06-18 00:00:00;0,00;2,248.02;50,00
2021-06-21 00:00:00;0,00;2,265.87;50,00
2021-06-22 00:00:00;0,00;2,268.00;48,40
2021-06-23 00:00:00;0,00;2,242.24;48,20
2021-06-24 00:00:00;0,00;2,270.94;48,40
2021-06-28 00:00:00;0,00;2,256.34;47,70
2021-06-29 00:00:00;0,00;2,279.76;47,30
2021-06-30 00:00:00;0,00;2,263.13;50,00
2021-07-01 00:00:00;0,00;2,273.89;49,70
2021-07-02 00:00:00;0,00;2,288.93;49,70
2021-07-05 00:00:00;0,00;2,299.07;49,20
2021-07-06 00:00:00;0,00;2,288.70;49,70
2021-07-07 00:00:00;0,00;2,326.07;50,00
2021-07-08 00:00:00;0,00;2,289.94;48,80
2021-07-09 00:00:00;0,00;2,319.53;49,30
2021-07-12 00:00:00;0,00;2,337.73;48,80
2021-07-13 00:00:00;0,00;2,349.19;48,90
2021-07-14 00:00:00;0,00;2,356.34;48,40
2021-07-15 00:00:00;0,00;2,344.49;47,40
2021-07-16 00:00:00;0,00;2,338.80;47,20
2021-07-19 00:00:00;0,00;2,287.46;46,10
2021-07-20 00:00:00;0,00;2,303.54;46,00
2021-07-21 00:00:00;0,00;2,334.37;48,50
2021-07-22 00:00:00;0,00;2,352.35;48,00
2021-07-23 00:00:00;0,00;2,384.69;47,70
2021-07-26 00:00:00;0,00;2,387.66;47,30
2021-07-27 00:00:00;0,00;2,375.97;47,30
2021-07-28 00:00:00;0,00;2,381.89;46,60
2021-07-29 00:00:00;0,00;2,384.19;47,30
2021-07-30 00:00:00;0,00;2,369.89;46,90
2021-08-02 00:00:00;0,00;2,381.66;48,00
2021-08-03 00:00:00;0,00;2,380.14;47,60
2021-08-04 00:00:00;0,00;2,393.10;47,80
2021-08-05 00:00:00;0,00;2,393.68;47,40
2021-08-06 00:00:00;0,00;2,380.46;47,30
2021-08-09 00:00:00;0,00;2,384.76;47,00
2021-08-10 00:00:00;0,00;2,393.74;46,60
2021-08-11 00:00:00;0,00;2,401.49;46,80
2021-08-12 00:00:00;0,00;2,405.53;46,70
2021-08-13 00:00:00;0,00;2,407.04;46,20
2021-08-16 00:00:00;0,00;2,373.55;46,80
2021-08-17 00:00:00;0,00;2,383.45;57,20
2021-08-18 00:00:00;0,00;2,371.37;59,40
2021-08-19 00:00:00;0,00;2,330.30;58,00
2021-08-20 00:00:00;0,00;2,360.50;59,00
2021-08-23 00:00:00;0,00;2,371.55;63,40
2021-08-24 00:00:00;0,00;2,367.05;62,00
2021-08-25 00:00:00;0,00;2,376.16;65,40
2021-08-26 00:00:00;0,00;2,371.70;64,20
2021-08-27 00:00:00;0,00;2,373.14;65,80
2021-08-30 00:00:00;0,00;2,372.81;66,60
2021-08-31 00:00:00;0,00;2,351.25;65,60
2021-09-01 00:00:00;0,00;2,368.67;68,00
2021-09-02 00:00:00;0,00;2,388.40;68,60
2021-09-03 00:00:00;0,00;2,369.73;69,20
2021-09-06 00:00:00;0,00;2,394.26;67,40
2021-09-07 00:00:00;0,00;2,377.94;67,00
2021-09-08 00:00:00;0,00;2,347.16;66,00
2021-09-09 00:00:00;0,00;2,353.39;64,00
2021-09-10 00:00:00;0,00;2,349.67;68,00
2021-09-13 00:00:00;0,00;2,335.34;65,40
2021-09-14 00:00:00;0,00;2,341.77;64,80
2021-09-15 00:00:00;0,00;2,324.75;63,60
2021-09-16 00:00:00;0,00;2,344.03;66,40
2021-09-17 00:00:00;0,00;2,323.55;67,40
2021-09-20 00:00:00;0,00;2,272.46;64,20
2021-09-21 00:00:00;0,00;2,274.88;62,80
2021-09-22 00:00:00;0,00;2,299.15;62,60
2021-09-23 00:00:00;0,00;2,338.00;64,80
2021-09-24 00:00:00;0,00;2,313.27;65,00
2021-09-27 00:00:00;0,00;2,304.01;66,00
2021-09-28 00:00:00;0,00;2,254.02;63,40
2021-09-29 00:00:00;0,00;2,255.55;60,00
2021-09-30 00:00:00;0,00;2,259.18;59,80
2021-10-01 00:00:00;0,00;2,254.18;63,00
2021-10-04 00:00:00;0,00;2,233.30;62,00
2021-10-05 00:00:00;0,00;2,254.84;60,00
2021-10-06 00:00:00;0,00;2,221.06;63,00
2021-10-07 00:00:00;0,00;2,257.74;61,40
2021-10-08 00:00:00;0,00;2,240.22;60,60
2021-10-11 00:00:00;0,00;2,233.52;59,40
2021-10-12 00:00:00;0,00;2,251.01;60,20
2021-10-13 00:00:00;0,00;2,276.95;61,40
2021-10-14 00:00:00;0,00;2,296.77;62,80
2021-10-15 00:00:00;0,00;2,314.98;63,40
2021-10-18 00:00:00;0,00;2,311.70;65,00
2021-10-19 00:00:00;0,00;2,326.66;66,00
2021-10-20 00:00:00;0,00;2,326.25;66,40
2021-10-21 00:00:00;0,00;2,325.15;65,80
2021-10-22 00:00:00;0,00;2,348.84;67,80
2021-10-25 00:00:00;0,00;2,330.13;67,20
2021-10-26 00:00:00;0,00;2,344.20;68,20
2021-10-27 00:00:00;0,00;2,323.17;67,20
2021-10-28 00:00:00;0,00;2,313.24;65,60
2021-10-29 00:00:00;0,00;2,290.85;64,80
2021-11-01 00:00:00;0,00;2,302.26;64,80
2021-11-02 00:00:00;0,00;2,302.67;65,40
2021-11-03 00:00:00;0,00;2,317.67;67,00
2021-11-04 00:00:00;0,00;2,330.07;68,20
2021-11-05 00:00:00;0,00;2,324.90;70,40
2021-11-08 00:00:00;0,00;2,331.85;69,60
2021-11-09 00:00:00;0,00;2,327.12;69,80
2021-11-10 00:00:00;0,00;2,331.42;66,80
2021-11-11 00:00:00;0,00;2,346.46;70,00
2021-11-12 00:00:00;0,00;2,365.45;72,40
2021-11-15 00:00:00;0,00;2,374.47;73,60
2021-11-16 00:00:00;0,00;2,385.63;75,40
2021-11-17 00:00:00;0,00;2,384.10;75,40
2021-11-18 00:00:00;0,00;2,373.04;74,80
2021-11-19 00:00:00;0,00;2,373.92;73,40
2021-11-22 00:00:00;0,00;2,368.57;71,60
2021-11-23 00:00:00;0,00;2,334.31;71,00
2021-11-24 00:00:00;0,00;2,336.50;71,80
2021-11-25 00:00:00;0,00;2,335.59;74,20
2021-11-26 00:00:00;0,00;2,242.18;72,40
2021-11-29 00:00:00;0,00;2,272.27;72,00
2021-11-30 00:00:00;0,00;2,241.66;69,40
2021-12-01 00:00:00;0,00;2,290.72;72,00
2021-12-02 00:00:00;0,00;2,263.20;68,00
2021-12-03 00:00:00;0,00;2,240.83;68,80
2021-12-06 00:00:00;0,00;2,285.53;67,00
2021-12-07 00:00:00;0,00;2,334.85;68,80
2021-12-08 00:00:00;0,00;2,326.55;70,00
2021-12-09 00:00:00;0,00;2,323.89;68,20
2021-12-10 00:00:00;0,00;2,315.73;70,40
2021-12-13 00:00:00;0,00;2,310.35;68,00
2021-12-14 00:00:00;0,00;2,286.37;66,20
2021-12-15 00:00:00;0,00;2,293.46;66,00
2021-12-16 00:00:00;0,00;2,311.03;65,80
2021-12-17 00:00:00;0,00;2,305.92;65,40
2021-12-20 00:00:00;0,00;2,285.72;65,60
2021-12-21 00:00:00;0,00;2,319.52;69,80
2021-12-22 00:00:00;0,00;2,334.81;71,20
2021-12-23 00:00:00;0,00;2,385.63;73,00
2021-12-27 00:00:00;0,00;2,406.61;74,00
2021-12-28 00:00:00;0,00;2,420.47;73,20
2021-12-29 00:00:00;0,00;2,418.90;74,20
2021-12-30 00:00:00;0,00;2,419.73;74,80
2022-01-03 00:00:00;0,00;2,444.19;76,80
2022-01-04 00:00:00;0,00;2,456.17;78,80
2022-01-05 00:00:00;0,00;2,442.81;79,00
2022-01-07 00:00:00;0,00;2,400.95;77,20
2022-01-10 00:00:00;0,00;2,352.73;69,20
2022-01-11 00:00:00;0,00;2,379.19;72,20
2022-01-12 00:00:00;0,00;2,399.18;74,60
2022-01-13 00:00:00;0,00;2,397.96;72,20
2022-01-14 00:00:00;0,00;2,358.29;73,60
2022-01-17 00:00:00;0,00;2,363.12;71,20
2022-01-18 00:00:00;0,00;2,322.80;69,60
2022-01-19 00:00:00;0,00;2,332.96;71,60
2022-01-20 00:00:00;0,00;2,354.51;72,00
2022-01-21 00:00:00;0,00;2,314.06;69,00
2022-01-24 00:00:00;0,00;2,223.99;66,60
2022-01-25 00:00:00;0,00;2,239.72;65,40
2022-01-26 00:00:00;0,00;2,286.11;68,60
2022-01-27 00:00:00;0,00;2,270.12;69,60
2022-01-28 00:00:00;0,00;2,266.82;67,80
2022-01-31 00:00:00;0,00;2,290.16;67,80
2022-02-01 00:00:00;0,00;2,313.20;71,20
2022-02-02 00:00:00;0,00;2,324.48;71,40
2022-02-03 00:00:00;0,00;2,277.67;69,80
2022-02-04 00:00:00;0,00;2,254.30;71,00
2022-02-07 00:00:00;0,00;2,278.64;69,40
2022-02-08 00:00:00;0,00;2,274.40;68,00
2022-02-09 00:00:00;0,00;2,313.14;69,00
2022-02-10 00:00:00;0,00;2,314.26;69,00
2022-02-11 00:00:00;0,00;2,293.77;66,60
2022-02-14 00:00:00;0,00;2,240.97;63,20
2022-02-15 00:00:00;0,00;2,282.06;61,20
2022-02-16 00:00:00;0,00;2,263.41;66,20
2022-02-17 00:00:00;0,00;2,229.15;61,00
2022-02-18 00:00:00;0,00;2,197.72;58,60
2022-02-21 00:00:00;0,00;2,159.30;52,40
2022-02-22 00:00:00;0,00;2,157.92;52,40
2022-02-23 00:00:00;0,00;2,142.03;53,40
2022-02-24 00:00:00;0,00;2,078.06;52,40
2022-02-25 00:00:00;0,00;2,141.52;53,20
2022-02-28 00:00:00;0,00;2,134.07;51,80
2022-03-01 00:00:00;0,00;2,084.93;50,40
2022-03-02 00:00:00;0,00;2,096.53;50,40
2022-03-03 00:00:00;0,00;2,048.51;51,80
2022-03-04 00:00:00;0,00;1,985.54;49,20
2022-03-07 00:00:00;0,00;1,980.35;51,00
2022-03-08 00:00:00;0,00;1,972.04;49,00
2022-03-09 00:00:00;0,00;2,041.62;51,20
2022-03-10 00:00:00;0,00;2,038.92;51,40
2022-03-11 00:00:00;0,00;2,070.80;52,00
2022-03-14 00:00:00;0,00;2,096.44;55,00
2022-03-15 00:00:00;0,00;2,085.08;55,20
2022-03-16 00:00:00;0,00;2,167.15;57,80
2022-03-17 00:00:00;0,00;2,159.00;60,40
2022-03-18 00:00:00;0,00;2,178.82;63,20
2022-03-21 00:00:00;0,00;2,181.05;61,60
2022-03-22 00:00:00;0,00;2,182.78;62,40
2022-03-23 00:00:00;0,00;2,155.64;61,00
2022-03-24 00:00:00;0,00;2,134.16;60,00
2022-03-25 00:00:00;0,00;2,106.52;61,60
2022-03-28 00:00:00;0,00;2,124.93;61,40
2022-03-29 00:00:00;0,00;2,154.38;63,80
2022-03-30 00:00:00;0,00;2,130.30;62,60
2022-03-31 00:00:00;0,00;2,095.17;61,40
2022-04-01 00:00:00;0,00;2,119.62;60,90
2022-04-04 00:00:00;0,00;2,136.44;62,40
2022-04-05 00:00:00;0,00;2,132.52;62,40
2022-04-06 00:00:00;0,00;2,101.21;61,30
2022-04-07 00:00:00;0,00;2,108.04;62,00
2022-04-08 00:00:00;0,00;2,131.86;61,60
2022-04-11 00:00:00;0,00;2,097.71;61,40
2022-04-12 00:00:00;0,00;2,102.20;63,70
2022-04-13 00:00:00;0,00;2,098.58;64,30
2022-04-14 00:00:00;0,00;2,092.86;65,00
2022-04-19 00:00:00;0,00;2,097.89;64,00
2022-04-20 00:00:00;0,00;2,109.10;66,10
2022-04-21 00:00:00;0,00;2,126.44;65,20
2022-04-22 00:00:00;0,00;2,094.94;63,30
2022-04-25 00:00:00;0,00;2,050.64;63,00
2022-04-26 00:00:00;0,00;2,018.33;62,20
2022-04-27 00:00:00;0,00;2,048.69;62,10
2022-04-28 00:00:00;0,00;2,038.56;62,00
2022-04-29 00:00:00;0,00;2,058.90;62,60
2022-05-02 00:00:00;0,00;2,020.41;61,20
2022-05-03 00:00:00;0,00;2,034.46;61,30
2022-05-04 00:00:00;0,25;2,011.12;62,20
2022-05-05 00:00:00;0,25;1,985.13;59,80
2022-05-06 00:00:00;0,25;1,962.00;58,00
2022-05-09 00:00:00;0,25;1,914.83;54,00
2022-05-10 00:00:00;0,25;1,943.11;58,00
2022-05-11 00:00:00;0,25;1,977.47;59,20
2022-05-12 00:00:00;0,25;1,973.48;58,00
2022-05-13 00:00:00;0,25;2,011.33;60,40
2022-05-16 00:00:00;0,25;2,004.49;61,40
2022-05-17 00:00:00;0,25;2,027.34;63,50
2022-05-18 00:00:00;0,25;2,002.54;62,90
2022-05-19 00:00:00;0,25;1,992.40;64,00
2022-05-20 00:00:00;0,25;1,994.09;62,10
2022-05-23 00:00:00;0,25;2,018.87;64,90
2022-05-24 00:00:00;0,25;2,001.10;63,40
2022-05-25 00:00:00;0,25;1,981.82;63,50
2022-05-27 00:00:00;0,25;2,058.10;62,80
2022-05-30 00:00:00;0,25;2,075.28;60,60
2022-05-31 00:00:00;0,25;2,042.64;65,90
2022-06-01 00:00:00;0,25;2,041.26;66,00
2022-06-02 00:00:00;0,25;2,075.68;70,00
2022-06-03 00:00:00;0,25;2,069.41;68,80
2022-06-07 00:00:00;0,25;2,074.21;70,60
2022-06-08 00:00:00;0,25;2,069.93;72,00
2022-06-09 00:00:00;0,25;2,044.06;71,00
2022-06-10 00:00:00;0,25;1,990.80;70,50
2022-06-13 00:00:00;0,25;1,956.51;68,50
2022-06-14 00:00:00;0,25;1,931.39;62,20
2022-06-15 00:00:00;0,25;1,946.86;63,20
2022-06-16 00:00:00;0,25;1,890.33;61,70
2022-06-17 00:00:00;0,25;1,884.27;62,00
2022-06-20 00:00:00;0,25;1,895.24;61,30
2022-06-21 00:00:00;0,25;1,903.38;60,90
2022-06-22 00:00:00;0,25;1,895.84;60,00
2022-06-23 00:00:00;0,25;1,865.54;59,00
2022-06-27 00:00:00;0,25;1,924.84;61,10
2022-06-28 00:00:00;0,25;1,913.14;61,10
2022-06-29 00:00:00;0,25;1,908.31;62,60
2022-06-30 00:00:00;0,25;1,872.68;61,20
2022-07-01 00:00:00;0,25;1,875.94;63,90
2022-07-04 00:00:00;0,25;1,893.56;63,00
2022-07-05 00:00:00;0,25;1,866.16;63,20
2022-07-06 00:00:00;0,75;1,918.67;62,30
2022-07-07 00:00:00;0,75;1,954.58;60,00
2022-07-08 00:00:00;0,75;1,971.04;61,50
2022-07-11 00:00:00;0,75;1,937.49;61,10
2022-07-12 00:00:00;0,75;1,968.81;62,90
2022-07-13 00:00:00;0,75;1,931.27;62,60
2022-07-14 00:00:00;0,75;1,903.51;61,90
2022-07-15 00:00:00;0,75;1,903.82;60,60
2022-07-18 00:00:00;0,75;1,930.50;62,80
2022-07-19 00:00:00;0,75;1,961.12;62,50
2022-07-20 00:00:00;0,75;1,961.31;63,50
2022-07-21 00:00:00;0,75;1,975.97;63,50
2022-07-22 00:00:00;0,75;1,979.70;62,10
2022-07-25 00:00:00;0,75;1,970.89;62,40
2022-07-26 00:00:00;0,75;1,962.97;61,50
2022-07-27 00:00:00;0,75;1,971.38;61,10
2022-07-28 00:00:00;0,75;1,996.02;62,00
2022-07-29 00:00:00;0,75;2,032.53;60,80
2022-08-01 00:00:00;0,75;2,011.11;62,60
2022-08-02 00:00:00;0,75;1,993.92;62,00
2022-08-03 00:00:00;0,75;2,005.58;63,40
2022-08-04 00:00:00;0,75;2,020.83;62,40
2022-08-05 00:00:00;0,75;1,998.57;61,60
2022-08-08 00:00:00;0,75;2,017.15;61,20
2022-08-09 00:00:00;0,75;1,987.68;59,60
2022-08-10 00:00:00;0,75;2,025.48;61,50
2022-08-11 00:00:00;0,75;2,024.48;61,10
2022-08-12 00:00:00;0,75;2,032.51;62,00
2022-08-15 00:00:00;0,75;2,036.67;61,40
2022-08-16 00:00:00;0,75;2,058.94;60,30
2022-08-17 00:00:00;0,75;2,034.76;60,20
2022-08-18 00:00:00;0,75;2,053.33;49,50
2022-08-19 00:00:00;0,75;2,037.97;45,10
2022-08-22 00:00:00;0,75;1,995.99;45,00
2022-08-23 00:00:00;0,75;1,985.63;45,95
2022-08-24 00:00:00;0,75;1,983.58;45,00
2022-08-25 00:00:00;0,75;1,987.32;45,95
2022-08-26 00:00:00;0,75;1,956.17;47,00
2022-08-29 00:00:00;0,75;1,940.13;46,00
2022-08-30 00:00:00;0,75;1,942.43;47,25
2022-08-31 00:00:00;0,75;1,920.23;45,80
2022-09-01 00:00:00;0,75;1,875.49;45,30
2022-09-02 00:00:00;0,75;1,925.04;43,50
2022-09-05 00:00:00;0,75;1,898.81;43,00
2022-09-06 00:00:00;0,75;1,903.25;43,80
2022-09-07 00:00:00;0,75;1,897.76;42,80
2022-09-08 00:00:00;0,75;1,907.31;43,30
2022-09-09 00:00:00;0,75;1,934.06;43,50
2022-09-12 00:00:00;0,75;1,974.54;42,00
2022-09-13 00:00:00;0,75;1,938.23;42,50
2022-09-14 00:00:00;0,75;1,916.36;41,25
2022-09-15 00:00:00;0,75;1,911.79;41,20
2022-09-16 00:00:00;0,75;1,881.51;41,00
2022-09-19 00:00:00;0,75;1,877.92;39,00
2022-09-20 00:00:00;0,75;1,856.67;38,55
2022-09-21 00:00:00;1,75;1,878.77;39,00
2022-09-22 00:00:00;1,75;1,837.91;37,90
2022-09-23 00:00:00;1,75;1,817.96;38,45
2022-09-26 00:00:00;1,75;1,811.78;39,00
2022-09-27 00:00:00;1,75;1,829.37;40,25
2022-09-28 00:00:00;1,75;1,838.77;38,90
2022-09-29 00:00:00;1,75;1,794.39;39,45
2022-09-30 00:00:00;1,75;1,828.98;36,80
2022-10-03 00:00:00;1,75;1,839.51;39,40
2022-10-04 00:00:00;1,75;1,909.64;40,00
2022-10-05 00:00:00;1,75;1,882.92;39,40
2022-10-06 00:00:00;1,75;1,883.04;39,05
2022-10-07 00:00:00;1,75;1,841.77;39,05
2022-10-10 00:00:00;1,75;1,836.91;37,55
2022-10-11 00:00:00;1,75;1,834.10;40,90
2022-10-12 00:00:00;1,75;1,834.36;40,30
2022-10-13 00:00:00;1,75;1,856.86;38,95
2022-10-14 00:00:00;1,75;1,869.02;40,00
2022-10-17 00:00:00;1,75;1,908.38;41,80
2022-10-18 00:00:00;1,75;1,938.56;40,90
2022-10-19 00:00:00;1,75;1,926.44;40,70
2022-10-20 00:00:00;1,75;1,905.99;40,45
2022-10-21 00:00:00;1,75;1,901.51;40,75
2022-10-24 00:00:00;1,75;1,938.73;40,75
2022-10-25 00:00:00;1,75;1,965.29;39,50
2022-10-26 00:00:00;1,75;1,970.06;40,65
2022-10-27 00:00:00;1,75;1,968.23;41,25
2022-10-28 00:00:00;1,75;1,974.28;41,60
2022-10-31 00:00:00;1,75;1,968.53;43,90
2022-11-01 00:00:00;1,75;1,974.99;45,15
2022-11-02 00:00:00;1,75;1,980.52;45,95
2022-11-03 00:00:00;1,75;1,960.06;45,95
2022-11-04 00:00:00;1,75;1,999.01;45,10
2022-11-07 00:00:00;1,75;2,008.62;45,95
2022-11-08 00:00:00;1,75;2,035.99;44,55
2022-11-09 00:00:00;1,75;2,033.12;44,90
2022-11-10 00:00:00;1,75;2,106.11;50,00
2022-11-11 00:00:00;1,75;2,108.67;46,95
2022-11-14 00:00:00;1,75;2,107.99;46,00
2022-11-15 00:00:00;1,75;2,098.01;45,75
2022-11-16 00:00:00;1,75;2,075.02;44,10
2022-11-17 00:00:00;1,75;2,067.08;43,85
2022-11-18 00:00:00;1,75;2,087.37;44,45
2022-11-21 00:00:00;1,75;2,082.57;44,45
2022-11-22 00:00:00;1,75;2,096.56;44,80
2022-11-23 00:00:00;1,75;2,109.84;44,15
2022-11-24 00:00:00;1,75;2,106.75;44,70
2022-11-25 00:00:00;1,75;2,116.74;44,05
2022-11-28 00:00:00;1,75;2,096.38;44,70
2022-11-29 00:00:00;1,75;2,092.24;43,20
2022-11-30 00:00:00;2,50;2,102.42;43,50
2022-12-01 00:00:00;2,50;2,125.09;44,95
2022-12-02 00:00:00;2,50;2,129.47;44,50
2022-12-05 00:00:00;2,50;2,139.69;45,00
2022-12-06 00:00:00;2,50;2,111.28;44,80
2022-12-07 00:00:00;2,50;2,088.43;44,80
2022-12-08 00:00:00;2,50;2,091.88;44,30
2022-12-09 00:00:00;2,50;2,116.45;44,10
2022-12-12 00:00:00;2,50;2,108.92;43,30
2022-12-13 00:00:00;2,50;2,140.70;44,55
2022-12-14 00:00:00;2,50;2,139.03;46,80
2022-12-15 00:00:00;2,50;2,079.52;44,60
2022-12-16 00:00:00;2,50;2,046.09;44,80
2022-12-19 00:00:00;2,50;2,047.98;44,80
2022-12-20 00:00:00;2,50;2,036.42;43,40
2022-12-21 00:00:00;2,50;2,065.13;42,45
2022-12-22 00:00:00;2,50;2,043.30;42,55
2022-12-23 00:00:00;2,50;2,054.33;43,60
2022-12-27 00:00:00;2,50;2,067.61;44,00
2022-12-28 00:00:00;2,50;2,052.76;42,70
2022-12-29 00:00:00;2,50;2,075.31;42,95
2022-12-30 00:00:00;2,50;2,043.40;45,00
2023-01-02 00:00:00;2,50;2,075.76;44,60
2023-01-03 00:00:00;2,50;2,090.03;43,35
2023-01-04 00:00:00;2,50;2,120.35;43,75
2023-01-05 00:00:00;2,50;2,137.44;43,65
2023-01-09 00:00:00;2,50;2,191.82;44,50
2023-01-10 00:00:00;2,50;2,180.70;45,00
2023-01-11 00:00:00;2,50;2,207.80;44,85
2023-01-12 00:00:00;2,50;2,225.27;44,80
2023-01-13 00:00:00;2,50;2,217.18;44,55
2023-01-16 00:00:00;2,50;2,225.10;44,50
2023-01-17 00:00:00;2,50;2,212.83;44,35
2023-01-18 00:00:00;2,50;2,218.74;44,35
2023-01-19 00:00:00;2,50;2,173.89;43,55
2023-01-20 00:00:00;2,50;2,197.42;44,20
2023-01-23 00:00:00;2,50;2,224.53;44,00
2023-01-24 00:00:00;2,50;2,216.17;43,75
2023-01-25 00:00:00;2,50;2,204.30;44,45
2023-01-26 00:00:00;2,50;2,190.53;45,10
2023-01-27 00:00:00;2,50;2,197.66;44,60
2023-01-30 00:00:00;2,50;2,200.08;45,00
2023-01-31 00:00:00;2,50;2,198.54;44,10
2023-02-01 00:00:00;2,50;2,210.13;45,05
2023-02-02 00:00:00;2,50;2,287.40;46,30
2023-02-03 00:00:00;2,50;2,294.52;45,50
2023-02-06 00:00:00;2,50;2,258.20;44,25
2023-02-07 00:00:00;2,50;2,254.80;44,65
2023-02-08 00:00:00;2,50;2,244.14;45,40
2023-02-09 00:00:00;2,50;2,235.37;44,00
2023-02-10 00:00:00;2,50;2,200.77;44,60
2023-02-13 00:00:00;2,50;2,233.18;45,50
2023-02-14 00:00:00;2,50;2,232.45;45,00
2023-02-15 00:00:00;3,00;2,255.14;46,60
2023-02-16 00:00:00;3,00;2,256.54;53,40
2023-02-17 00:00:00;3,00;2,249.38;54,20
2023-02-20 00:00:00;3,00;2,238.45;55,00
2023-02-21 00:00:00;3,00;2,223.49;55,10
2023-02-22 00:00:00;3,00;2,223.30;55,00
2023-02-23 00:00:00;3,00;2,227.58;55,50
2023-02-24 00:00:00;3,00;2,206.43;55,30
2023-02-27 00:00:00;3,00;2,234.99;56,80
2023-02-28 00:00:00;3,00;2,226.75;56,70
2023-03-01 00:00:00;3,00;2,214.68;57,20
2023-03-02 00:00:00;3,00;2,214.67;58,30
2023-03-03 00:00:00;3,00;2,252.76;58,70
2023-03-06 00:00:00;3,00;2,261.86;58,00
2023-03-07 00:00:00;3,00;2,244.66;56,40
2023-03-08 00:00:00;3,00;2,248.52;56,50
2023-03-09 00:00:00;3,00;2,245.11;55,00
2023-03-10 00:00:00;3,00;2,192.06;55,00
2023-03-13 00:00:00;3,00;2,156.58;53,30
2023-03-14 00:00:00;3,00;2,186.36;57,90
2023-03-15 00:00:00;3,00;2,096.80;55,70
2023-03-16 00:00:00;3,00;2,125.23;53,30
2023-03-17 00:00:00;3,00;2,088.02;53,30
2023-03-20 00:00:00;3,00;2,118.71;54,10
2023-03-21 00:00:00;3,00;2,145.40;54,50
2023-03-22 00:00:00;3,00;2,146.83;54,80
2023-03-23 00:00:00;3,00;2,136.00;54,90
2023-03-24 00:00:00;3,00;2,087.81;54,80
2023-03-27 00:00:00;3,00;2,111.77;54,10
2023-03-28 00:00:00;3,00;2,115.61;53,50
2023-03-29 00:00:00;3,00;2,149.36;53,00
2023-03-30 00:00:00;3,00;2,199.44;54,30
2023-03-31 00:00:00;3,00;2,223.75;55,50
2023-04-03 00:00:00;3,00;2,211.02;56,70
2023-04-04 00:00:00;3,00;2,215.91;55,90
2023-04-05 00:00:00;3,00;2,174.94;55,00
2023-04-06 00:00:00;3,00;2,184.73;57,00
2023-04-11 00:00:00;3,00;2,211.18;57,50
2023-04-12 00:00:00;3,00;2,215.15;57,50
2023-04-13 00:00:00;3,00;2,225.14;55,90
2023-04-14 00:00:00;3,00;2,249.47;57,60
2023-04-17 00:00:00;3,00;2,249.67;57,60
2023-04-18 00:00:00;3,00;2,256.28;57,90
2023-04-19 00:00:00;3,00;2,249.68;59,80
2023-04-20 00:00:00;3,00;2,248.82;58,30
2023-04-21 00:00:00;3,00;2,246.41;59,00
2023-04-24 00:00:00;3,00;2,259.82;59,00
2023-04-25 00:00:00;3,00;2,249.20;59,00
2023-04-26 00:00:00;3,00;2,240.08;59,10
2023-04-27 00:00:00;3,00;2,271.10;60,20
2023-04-28 00:00:00;3,00;2,270.58;60,50
2023-05-02 00:00:00;3,00;2,235.03;60,10
2023-05-03 00:00:00;3,50;2,238.76;61,20
2023-05-04 00:00:00;3,50;2,228.17;61,90
2023-05-05 00:00:00;3,50;2,240.48;62,00
2023-05-08 00:00:00;3,50;2,239.10;54,50
2023-05-09 00:00:00;3,50;2,223.58;52,00
2023-05-10 00:00:00;3,50;2,208.66;52,00
2023-05-11 00:00:00;3,50;2,229.91;53,80
2023-05-12 00:00:00;3,50;2,236.03;53,60
2023-05-15 00:00:00;3,50;2,251.24;56,00
2023-05-16 00:00:00;3,50;2,236.25;57,80
2023-05-17 00:00:00;3,50;2,246.20;57,00
2023-05-19 00:00:00;3,50;2,288.37;54,90
2023-05-22 00:00:00;3,50;2,283.31;52,70
2023-05-23 00:00:00;3,50;2,267.34;56,10
2023-05-24 00:00:00;3,50;2,229.89;55,80
2023-05-25 00:00:00;3,50;2,231.57;53,20
2023-05-26 00:00:00;3,50;2,272.20;53,80
2023-05-29 00:00:00;3,50;2,258.64;53,00
2023-05-30 00:00:00;3,50;2,255.00;52,10
2023-05-31 00:00:00;3,50;2,234.96;49,70
2023-06-01 00:00:00;3,50;2,252.43;49,90
2023-06-02 00:00:00;3,50;2,292.50;50,50
2023-06-05 00:00:00;3,50;2,293.06;48,80
2023-06-07 00:00:00;3,50;2,305.36;49,35
2023-06-08 00:00:00;3,50;2,302.98;48,70
2023-06-09 00:00:00;3,50;2,301.98;48,70
2023-06-12 00:00:00;3,50;2,299.50;48,60
2023-06-13 00:00:00;3,50;2,320.96;48,80
2023-06-14 00:00:00;3,50;2,312.75;51,70
2023-06-15 00:00:00;3,50;2,310.66;53,00
2023-06-16 00:00:00;3,50;2,322.64;53,10
2023-06-19 00:00:00;3,50;2,292.68;52,90
2023-06-20 00:00:00;3,50;2,281.16;51,30
2023-06-21 00:00:00;3,50;2,265.63;51,00
2023-06-22 00:00:00;3,50;2,235.41;51,00
2023-06-26 00:00:00;3,50;2,238.50;52,00
2023-06-27 00:00:00;3,50;2,244.60;53,90
2023-06-28 00:00:00;3,50;2,262.07;52,20
2023-06-29 00:00:00;3,50;2,284.77;52,50
2023-06-30 00:00:00;3,50;2,309.90;50,80
2023-07-03 00:00:00;3,50;2,294.59;51,70
2023-07-04 00:00:00;3,50;2,295.93;51,50
2023-07-05 00:00:00;3,75;2,279.42;51,20
2023-07-06 00:00:00;3,75;2,238.51;49,85
2023-07-07 00:00:00;3,75;2,246.19;52,50
2023-07-10 00:00:00;3,75;2,243.79;51,90
2023-07-11 00:00:00;3,75;2,247.96;51,40
2023-07-12 00:00:00;3,75;2,264.21;49,50
2023-07-13 00:00:00;3,75;2,261.20;50,10
2023-07-14 00:00:00;3,75;2,248.08;50,20
2023-07-17 00:00:00;3,75;2,243.13;47,25
2023-07-18 00:00:00;3,75;2,258.83;46,50
2023-07-19 00:00:00;3,75;2,235.75;48,05
2023-07-20 00:00:00;3,75;2,224.52;46,90
2023-07-21 00:00:00;3,75;2,227.45;48,00
2023-07-24 00:00:00;3,75;2,243.81;47,95
2023-07-25 00:00:00;3,75;2,259.09;47,85
2023-07-26 00:00:00;3,75;2,235.23;47,45
2023-07-27 00:00:00;3,75;2,254.15;47,00
2023-07-28 00:00:00;3,75;2,253.85;47,10
2023-07-31 00:00:00;3,75;2,250.92;48,60
2023-08-01 00:00:00;3,75;2,240.12;48,00
2023-08-02 00:00:00;3,75;2,222.74;49,35
2023-08-03 00:00:00;3,75;2,196.59;47,60
2023-08-04 00:00:00;3,75;2,209.64;47,90
2023-08-07 00:00:00;3,75;2,209.83;47,95
2023-08-08 00:00:00;3,75;2,194.44;47,30
2023-08-09 00:00:00;3,75;2,209.52;47,20
2023-08-10 00:00:00;3,75;2,223.17;47,25
2023-08-11 00:00:00;3,75;2,203.40;47,15
2023-08-14 00:00:00;3,75;2,203.30;46,65
2023-08-15 00:00:00;3,75;2,178.50;47,50
2023-08-16 00:00:00;3,75;2,180.56;47,70
2023-08-17 00:00:00;3,75;2,154.56;48,95
2023-08-18 00:00:00;3,75;2,145.66;52,60
2023-08-21 00:00:00;3,75;2,139.03;53,00
2023-08-22 00:00:00;3,75;2,153.65;50,90
2023-08-23 00:00:00;3,75;2,154.70;49,40
2023-08-24 00:00:00;3,75;2,145.74;49,75
2023-08-25 00:00:00;3,75;2,148.47;50,00
2023-08-28 00:00:00;3,75;2,174.31;52,90
2023-08-29 00:00:00;3,75;2,191.46;50,50
2023-08-30 00:00:00;3,75;2,185.08;51,30
2023-08-31 00:00:00;3,75;2,184.74;52,00
2023-09-01 00:00:00;3,75;2,186.21;52,00
2023-09-04 00:00:00;3,75;2,193.76;51,20
2023-09-05 00:00:00;3,75;2,203.70;49,45
2023-09-06 00:00:00;3,75;2,202.57;51,70
2023-09-07 00:00:00;3,75;2,185.58;50,00
2023-09-08 00:00:00;3,75;2,176.34;50,10
2023-09-11 00:00:00;3,75;2,184.56;49,50
2023-09-12 00:00:00;3,75;2,177.12;49,50
2023-09-13 00:00:00;3,75;2,162.46;49,15
2023-09-14 00:00:00;3,75;2,190.20;49,70
2023-09-15 00:00:00;3,75;2,195.20;48,75
2023-09-18 00:00:00;3,75;2,187.02;49,00
2023-09-19 00:00:00;3,75;2,177.20;48,55
2023-09-20 00:00:00;3,75;2,202.45;48,50
2023-09-21 00:00:00;3,75;2,178.82;48,50
2023-09-22 00:00:00;3,75;2,165.94;50,80
2023-09-25 00:00:00;3,75;2,156.12;49,45
2023-09-26 00:00:00;3,75;2,133.16;48,00
2023-09-27 00:00:00;4,00;2,130.32;47,10
2023-09-28 00:00:00;4,00;2,137.65;48,50
2023-09-29 00:00:00;4,00;2,155.49;48,50
2023-10-02 00:00:00;4,00;2,145.97;47,55
2023-10-03 00:00:00;4,00;2,125.06;47,40
2023-10-04 00:00:00;4,00;2,116.77;47,05
2023-10-05 00:00:00;4,00;2,127.06;47,75
2023-10-06 00:00:00;4,00;2,154.02;47,20
2023-10-09 00:00:00;4,00;2,133.26;47,05
2023-10-10 00:00:00;4,00;2,193.06;47,25
2023-10-11 00:00:00;4,00;2,193.71;49,75
2023-10-12 00:00:00;4,00;2,212.13;50,00
2023-10-13 00:00:00;4,00;2,189.84;48,60
2023-10-16 00:00:00;4,00;2,190.78;49,00
2023-10-17 00:00:00;4,00;2,172.25;47,35
2023-10-18 00:00:00;4,00;2,144.44;47,50
2023-10-19 00:00:00;4,00;2,121.83;48,00
2023-10-20 00:00:00;4,00;2,077.66;51,50
2023-10-23 00:00:00;4,00;2,066.50;49,95
2023-10-24 00:00:00;4,00;2,074.19;49,05
2023-10-25 00:00:00;4,00;2,073.84;49,90
2023-10-26 00:00:00;4,00;2,064.55;48,00
2023-10-27 00:00:00;4,00;2,049.65;49,00
2023-10-30 00:00:00;4,00;2,057.14;47,35
2023-10-31 00:00:00;4,00;2,075.79;47,65
2023-11-01 00:00:00;4,00;2,073.43;47,05
2023-11-02 00:00:00;4,00;2,110.80;47,50
2023-11-03 00:00:00;4,00;2,126.76;47,80
2023-11-06 00:00:00;4,00;2,123.50;47,70
2023-11-07 00:00:00;4,00;2,116.06;49,50
2023-11-08 00:00:00;4,00;2,114.32;49,70
2023-11-09 00:00:00;4,00;2,137.98;51,70
2023-11-10 00:00:00;4,00;2,115.38;49,95
2023-11-13 00:00:00;4,00;2,122.63;47,30
2023-11-14 00:00:00;4,00;2,169.98;45,00
2023-11-15 00:00:00;4,00;2,192.97;45,25
2023-11-16 00:00:00;4,00;2,171.53;42,70
2023-11-17 00:00:00;4,00;2,198.83;42,55
2023-11-20 00:00:00;4,00;2,206.34;42,50
2023-11-21 00:00:00;4,00;2,197.08;42,00
2023-11-22 00:00:00;4,00;2,213.18;41,80
2023-11-23 00:00:00;4,00;2,226.34;41,80
2023-11-24 00:00:00;4,00;2,229.37;41,20
2023-11-27 00:00:00;4,00;2,226.85;43,85
2023-11-28 00:00:00;4,00;2,214.81;43,20
2023-11-29 00:00:00;4,00;2,233.00;44,80
2023-11-30 00:00:00;4,00;2,232.46;45,00
2023-12-01 00:00:00;4,00;2,250.21;46,00
2023-12-04 00:00:00;4,00;2,253.80;45,55
2023-12-05 00:00:00;4,00;2,267.80;47,55
2023-12-06 00:00:00;4,00;2,289.64;46,85
2023-12-07 00:00:00;4,00;2,287.13;45,85
2023-12-08 00:00:00;4,00;2,313.01;45,10
2023-12-11 00:00:00;4,00;2,339.78;46,00
2023-12-12 00:00:00;4,00;2,334.73;45,85
2023-12-13 00:00:00;4,00;2,322.75;44,75
2023-12-14 00:00:00;4,00;2,365.25;44,90
2023-12-15 00:00:00;4,00;2,386.43;46,00
2023-12-18 00:00:00;4,00;2,374.17;46,00
2023-12-19 00:00:00;4,00;2,384.54;45,95
2023-12-20 00:00:00;4,00;2,390.84;45,00
2023-12-21 00:00:00;4,00;2,375.14;49,90
2023-12-22 00:00:00;4,00;2,377.05;49,00
2023-12-27 00:00:00;4,00;2,390.28;50,50
2023-12-28 00:00:00;4,00;2,389.01;50,60
2023-12-29 00:00:00;4,00;2,398.17;49,00